id_affectation,id_projet,id_intervenant,date_affectation,role,commentaire
1,257,63,2023-07-12,Consultant,Différent accent fond heure police.
2,177,29,2024-06-12,Formateur,Accompagner frapper croire folie cri transformer.
3,118,93,2024-08-17,Consultant,Celui appeler conclure commencer respect baisser musique.
4,164,69,2023-11-01,Consultant,Robe raison cercle prendre.
5,7,59,2024-08-14,Chef de projet,Poète loup toucher souhaiter appeler revoir.
6,260,100,2023-06-20,Formateur,Résultat beaucoup discours homme.
7,77,80,2025-04-27,Formateur,Forêt tard atteindre forêt comment.
8,80,12,2024-02-10,Formateur,Pencher gouvernement mot trop rejeter.
9,69,36,2023-08-02,Chef de projet,Si lieu tour.
10,244,45,2023-11-04,Chef de projet,Près bande rire veiller animer.
11,184,48,2024-08-21,Formateur,Nombreux retomber printemps valeur subir qualité.
12,297,14,2024-12-08,Formateur,Leur fin si joie blanc aide flamme.
13,122,59,2024-08-24,Technicien,Endormir voler mois plein corde rien.
14,265,58,2023-11-03,Chef de projet,Retenir penser phrase coin.
15,129,94,2023-05-18,Chef de projet,Ramener cela extraordinaire vieux.
16,89,91,2024-12-11,Chef de projet,Affaire couper causer rejoindre étroit après.
17,227,21,2023-06-06,Consultant,Essuyer en aspect santé fleur arriver tout.
18,291,95,2024-09-04,Consultant,Chemise cours taille brusquement.
19,134,14,2023-06-04,Consultant,Retirer flamme quatre seulement.
20,273,91,2025-01-26,Formateur,Ruine consentir quelque or plaisir.
21,245,67,2024-02-26,Formateur,Ah rocher quitter or plaine fortune année.
22,297,100,2024-01-25,Consultant,Religion large drôle être siège.
23,288,4,2023-09-12,Formateur,Notre remarquer montagne oeil.
24,193,32,2024-12-28,Formateur,Comment saint résister profiter suffire.
25,149,56,2024-03-19,Consultant,Noire découvrir musique chaleur nerveux changement enfance.
26,251,52,2024-09-29,Technicien,Suivre sein recommencer mot.
27,89,50,2024-01-19,Technicien,Doute énergie miser étonner ou époque.
28,228,86,2024-02-15,Chef de projet,Autre inquiéter fait rencontre grand tranquille.
29,123,93,2023-07-15,Formateur,Autrefois remettre effet depuis.
30,93,40,2025-03-03,Consultant,Apprendre roman endroit phrase adresser sourire mode tout.
31,131,2,2023-07-25,Chef de projet,Reconnaître jardin quelque.
32,6,5,2024-07-27,Chef de projet,Fatigue baisser partir.
33,299,29,2024-12-05,Technicien,Importer étranger aide malheur source fumer seulement humain.
34,65,3,2023-11-13,Consultant,Appel casser mesure nerveux.
35,82,29,2024-11-02,Formateur,Fier vert presque ordre affirmer.
36,146,21,2025-03-15,Consultant,Dimanche parmi ce vague il valoir vaste parole.
37,206,1,2024-10-15,Consultant,Plaisir sous mener résister seconde lourd.
38,135,75,2024-01-31,Technicien,Tandis Que fête traîner mois aucun.
39,229,14,2024-09-12,Consultant,Entrée vouloir digne membre.
40,42,62,2024-11-17,Formateur,Espace français car élément vérité planche.
41,7,29,2025-01-31,Formateur,Manger caresser général rare.
42,228,96,2024-08-13,Chef de projet,Voici mari entre chercher.
43,279,25,2024-01-08,Consultant,Léger vague celui pierre habitude vrai.
44,190,62,2024-12-24,Technicien,Noir chaise préparer éclairer personne liberté relever.
45,144,67,2024-10-07,Chef de projet,Dont tellement croix fleur pouvoir bataille.
46,87,87,2024-12-07,Consultant,Devant médecin cruel amour sur réel perte pendre.
47,205,64,2023-10-06,Technicien,Passer poste travers soi.
48,272,1,2024-06-01,Chef de projet,Blanc tâche vague personne puis sac.
49,94,96,2023-05-21,Technicien,Mille fer porte.
50,30,95,2023-10-06,Chef de projet,Chercher plaisir grain précis demander mien.
51,107,14,2023-06-23,Consultant,Lequel construire propre entraîner courant.
52,210,62,2025-01-14,Technicien,Sourire afin de établir spectacle.
53,37,68,2024-10-10,Formateur,Monde claire essuyer vouloir loi peau étonner.
54,156,62,2023-05-27,Formateur,Tenir vaincre l'un dangereux liberté chasser étudier.
55,12,10,2024-10-11,Consultant,Étroit prétendre prouver plaine maître aimer composer.
56,45,7,2023-06-13,Formateur,Docteur avec second d'autres or.
57,153,58,2024-01-13,Chef de projet,Feu côté renverser sans lien chemin de police.
58,104,100,2024-08-10,Consultant,Voix tellement petit.
59,166,9,2024-12-03,Chef de projet,Auquel fermer faim te lequel.
60,70,80,2023-09-02,Consultant,Arbre naturel professeur.
61,222,19,2025-02-23,Technicien,Entraîner ensemble face nord sourire.
62,24,36,2024-09-10,Consultant,Désespoir endroit clef suffire tomber tempête.
63,85,66,2025-04-12,Formateur,Étrange bataille personnage céder achever emmener.
64,68,28,2024-07-21,Consultant,Semblable éprouver certes parent arbre reste tel.
65,73,9,2024-06-20,Formateur,Valoir engager renoncer repas devoir.
66,176,44,2024-06-10,Formateur,Étranger joie loin quarante beau beau songer cheveu.
67,31,26,2024-08-18,Consultant,Sembler tourner voisin rapport valoir école le.
68,233,25,2023-09-28,Chef de projet,Certain essuyer paysage président haine agir militaire hasard.
69,4,94,2025-04-08,Formateur,Inconnu manquer dimanche neuf pauvre prendre promettre.
70,62,4,2023-07-30,Technicien,Marchand cour courant par maintenir marchand.
71,154,4,2023-12-11,Technicien,Davantage absolument songer semaine sentier voisin mourir émotion.
72,13,52,2023-07-30,Consultant,Je impossible franchir dimanche subir coeur agent examiner.
73,281,57,2025-04-22,Chef de projet,Accrocher lire dernier couper.
74,25,39,2025-01-18,Chef de projet,Unique public cercle recommencer.
75,181,22,2024-01-27,Formateur,Changement bas éloigner parce que sens besoin prochain.
76,250,20,2025-03-24,Technicien,Angoisse aimer lune nord.
77,253,21,2024-03-24,Chef de projet,Entre docteur franc doigt robe.
78,52,35,2024-01-08,Formateur,Règle rejeter attaquer disparaître.
79,196,97,2023-06-24,Consultant,Leur froid étrange rassurer fermer pousser chaise.
80,46,17,2024-07-16,Chef de projet,Écouter flot centre réclamer descendre.
81,67,49,2024-09-25,Formateur,Appuyer autour éclat toucher oeuvre.
82,96,37,2024-07-18,Consultant,Loin écraser doucement fête effort habitude fille esprit.
83,122,64,2024-06-11,Technicien,Tourner réduire mauvais pas annoncer poste.
84,256,27,2024-10-05,Consultant,Caresser scène cinq achever coûter tomber observer point.
85,126,65,2024-04-11,Chef de projet,Jaune fille autorité prière déclarer important.
86,279,72,2024-03-04,Chef de projet,Portier accord père foi docteur taire vingt.
87,185,31,2024-09-08,Consultant,Couvrir un sien frais devant jusque.
88,67,55,2025-03-15,Technicien,Gouvernement davantage même construire rencontrer votre.
89,69,74,2023-09-21,Chef de projet,Bientôt parent empêcher ouvert expliquer composer place.
90,158,44,2023-08-19,Technicien,Décrire public machine dimanche riche retrouver rouge.
91,150,70,2023-09-25,Formateur,Subir résister suivant endormir résistance examiner dans le.
92,242,30,2024-04-05,Technicien,Tache occasion passion chemise général vieux.
93,212,100,2024-03-21,Technicien,Position ombre pleurer.
94,170,27,2025-02-06,Technicien,Siècle durer où dimanche immobile an.
95,77,3,2024-04-28,Consultant,Devoir herbe muet vide.
96,203,78,2025-03-08,Chef de projet,Portier sommet sec valoir rapidement.
97,242,35,2024-10-10,Technicien,Bois membre décrire souvent inviter appeler.
98,18,83,2023-07-30,Chef de projet,Veille rose rose vingt car.
99,19,15,2025-05-13,Consultant,Gens capable achever éclairer suffire vin veiller.
100,167,4,2024-05-30,Formateur,Recommencer entretenir hasard sentir.
101,253,21,2023-05-27,Chef de projet,De son debout rentrer cours lueur.
102,265,78,2024-11-27,Consultant,Oiseau course finir jardin action instinct sentier.
103,159,18,2023-08-15,Chef de projet,Avouer arracher port retour éclat désormais meilleur coeur.
104,29,75,2025-01-03,Technicien,Tapis dangereux relation déposer bon crise exposer.
105,201,41,2024-07-12,Consultant,Lier honneur tuer toile tirer ouvrir demain acheter.
106,241,72,2024-07-15,Consultant,Obéir cercle fidèle chemise article sou fatigue absolument.
107,160,50,2023-11-04,Consultant,Jour abri entretenir bout juge préférer un.
108,88,77,2024-05-14,Consultant,Entrée certain morceau souffler rouge moyen guerre vaincre.
109,75,64,2023-08-21,Technicien,Rose travail désir chien amour plaisir passé.
110,233,24,2023-06-30,Chef de projet,Dur bruit fait bien vert car.
111,66,44,2024-09-25,Chef de projet,Toile plein nom valoir composer imposer.
112,262,80,2023-12-26,Formateur,Colère rêver marché ignorer montagne étude impression.
113,231,35,2023-10-26,Formateur,Fonction partout hasard.
114,63,82,2024-07-08,Formateur,Installer unique claire exposer étoile enfant.
115,8,26,2023-11-30,Technicien,Instinct demande geste peuple depuis vaste chaud.
116,221,60,2024-11-21,Technicien,Où offrir seul en certainement pourquoi haut moins.
117,229,69,2024-07-02,Technicien,Madame chef haïr roman attitude trésor cheval fête.
118,101,76,2025-04-07,Technicien,Affaire grâce d'autres attendre accorder recherche accrocher.
119,202,12,2025-03-20,Chef de projet,Allumer travailler doux voile.
120,120,82,2024-01-08,Chef de projet,Nom conversation croix temps considérer barbe mal.
121,16,72,2024-03-19,Formateur,Fauteuil douter meilleur peur lit.
122,239,84,2023-05-18,Consultant,Acheter travailler considérer sommet tombe vide.
123,22,36,2023-07-03,Consultant,Rideau fer français doucement descendre envoyer.
124,6,72,2023-11-23,Technicien,Hasard vide lever distinguer.
125,147,98,2025-02-19,Chef de projet,Pas rayon roche apporter discours avant printemps.
126,133,70,2025-05-04,Formateur,Nuit désigner surprendre absolu article pareil.
127,116,67,2023-08-30,Formateur,Fait lourd mener détail rêver exemple succès travailler.
128,88,34,2024-01-08,Consultant,Aucun banc échapper façon situation.
129,179,17,2024-09-13,Technicien,Or loi banc ensemble table pénétrer.
130,111,28,2024-01-18,Formateur,Nul trace soulever.
131,33,12,2023-11-01,Formateur,Promettre place tantôt demander troisième.
132,163,67,2025-02-26,Consultant,Céder séparer reconnaître secret problème guère ferme.
133,273,47,2024-03-07,Consultant,Attirer vieux confondre.
134,135,70,2024-04-06,Consultant,Endormir lettre entraîner.
135,68,97,2023-06-07,Consultant,Ouvrage travail gauche assurer silence violent trois.
136,52,71,2025-01-04,Chef de projet,Danger idée ailleurs.
137,89,90,2024-07-05,Formateur,Espèce sept cruel doute.
138,89,29,2023-07-16,Chef de projet,Sommet être désirer crainte observer particulier marché mal.
139,141,93,2025-01-29,Consultant,Sur baisser gauche pas succès plaindre soulever.
140,181,77,2024-09-09,Consultant,Retomber force parti partie.
141,8,15,2025-02-05,Technicien,Preuve occasion soulever but.
142,113,91,2024-01-15,Chef de projet,Éteindre dernier autant supporter intérieur.
143,187,56,2023-12-29,Technicien,Silencieux siècle point moment tomber.
144,62,56,2024-08-08,Consultant,Écarter rassurer tirer drôle moyen rang fixer.
145,198,88,2023-07-03,Technicien,Regretter loi demain saisir causer fête servir science.
146,101,18,2023-12-05,Technicien,Fine français oh rire pauvre.
147,83,16,2024-09-16,Technicien,Rayon principe arrière enfermer arme.
148,103,16,2025-04-26,Formateur,Écraser arme foi parole vers barbe.
149,55,34,2024-09-22,Formateur,Ensemble rire penser selon terminer.
150,38,31,2024-05-22,Technicien,Foule eh etc oncle.
151,223,80,2024-07-30,Technicien,Discussion court beauté supposer naissance bouche.
152,265,27,2024-04-07,Chef de projet,Chute passer principe.
153,181,23,2024-04-24,Formateur,Séparer demeurer bras certain reprendre grand.
154,221,12,2023-05-17,Consultant,Armer désespoir seulement apercevoir profond fidèle.
155,111,17,2023-11-05,Formateur,Suivre côte blanc nourrir mon.
156,214,76,2023-11-19,Chef de projet,Souhaiter officier entraîner semaine politique premier.
157,62,59,2024-08-26,Consultant,Soi longtemps éclairer disparaître.
158,90,68,2025-04-23,Consultant,Comme frère satisfaire.
159,81,97,2023-09-11,Chef de projet,Si créer paquet.
160,288,8,2024-08-26,Formateur,Court mille visage vendre fin décider.
161,296,94,2024-02-01,Chef de projet,Saisir puissant aile.
162,16,40,2023-12-30,Technicien,Danser fond traiter donner papa point.
163,35,54,2023-08-29,Technicien,Coucher jouer tendre entretenir mériter maison.
164,116,44,2025-03-16,Consultant,Jusque armée certes résoudre.
165,120,59,2023-06-27,Consultant,Jambe prononcer user appeler trente produire médecin dehors.
166,128,73,2023-11-27,Technicien,Simplement patron dur fermer valeur défendre.
167,181,60,2023-07-08,Technicien,Branche droite haute type témoin inquiéter bras.
168,235,37,2025-03-28,Consultant,Acte rire moment rang y signer paupière repousser.
169,96,38,2023-05-20,Technicien,Chant simplement nation large mariage exposer rappeler donner.
170,281,27,2025-01-08,Formateur,Ni atteindre malade jardin effacer prêter.
171,78,81,2024-10-07,Technicien,Où défaut or lutte vide bouche devant.
172,176,79,2024-03-01,Technicien,Interroger présent calmer groupe politique allumer perte.
173,200,91,2024-05-13,Formateur,Important autrement compagnon mensonge.
174,228,3,2023-11-03,Formateur,Capable étouffer françois signifier semblable enfoncer.
175,185,21,2024-05-11,Formateur,Tu eaux suivre tuer parfois poitrine.
176,22,3,2024-12-18,Consultant,Politique ramasser essayer ciel aussi manquer devoir.
177,133,85,2024-12-30,Technicien,Erreur réponse réfléchir appuyer expérience désir.
178,221,84,2023-09-11,Formateur,Fin ensuite curiosité rose monde.
179,293,22,2024-02-22,Consultant,Poste réduire phrase ferme genre trente.
180,219,56,2023-08-23,Consultant,Là femme justice paysage.
181,254,62,2024-02-08,Formateur,Nombreux courant quoi.
182,133,43,2025-03-06,Consultant,Enfin fixer action police également à apporter.
183,190,4,2023-12-23,Chef de projet,Employer conduire tomber rapport gagner autre mesure.
184,26,87,2024-12-05,Formateur,Énergie entraîner comprendre fenêtre foule expliquer.
185,32,47,2023-12-19,Technicien,Éloigner chasser public continuer soudain respirer.
186,87,96,2023-08-29,Formateur,Public rester trente jamais.
187,235,69,2024-02-03,Chef de projet,Ami dessiner gagner matière.
188,18,86,2023-12-18,Formateur,Apporter papa ouvert terre père.
189,239,7,2024-03-06,Consultant,Aller cependant entourer palais cesse pendant.
190,167,32,2024-11-12,Formateur,Nez discours absolument parce que soudain fort pas.
191,253,30,2024-04-15,Consultant,Montrer détail gagner marcher tôt étouffer droite qualité.
192,229,72,2023-12-05,Formateur,Quarante guère rencontrer interroger loin.
193,89,43,2024-08-19,Consultant,Aimer bruit rire instinct par ramasser ton.
194,53,74,2024-03-03,Formateur,Tour pas parole troubler champ aventure.
195,227,20,2023-09-22,Formateur,Tellement dame nerveux avouer vue ministre accord.
196,283,24,2024-12-05,Consultant,Durer fête après soin terrible robe.
197,144,99,2024-02-20,Consultant,Dire oeil repas animal complètement détruire poésie.
198,50,42,2024-09-28,Formateur,Accomplir cesser réserver sept se dernier menacer.
199,288,81,2025-01-13,Formateur,Silencieux prononcer avec mort somme siècle armée.
200,202,6,2023-07-26,Technicien,Éteindre lourd vague écraser reste.
201,11,14,2024-05-13,Consultant,Agir peu bonheur unique poète.
202,41,57,2024-05-04,Technicien,Prouver ramener passé pourquoi sauter façon étendre.
203,75,35,2023-11-07,Consultant,Réduire cher oeuvre courant faible forme.
204,197,33,2024-06-28,Chef de projet,Journal poser servir forêt surveiller.
205,47,14,2025-05-08,Consultant,De chat proposer remercier.
206,127,32,2024-09-06,Consultant,Convenir sans commun nommer construire pareil veille près.
207,72,37,2023-08-15,Consultant,Horizon mauvais glisser crise tout noir.
208,217,98,2024-10-04,Technicien,Hier tel éclairer passer silencieux.
209,123,52,2023-06-16,Chef de projet,Aucun éclat rocher lendemain disposer.
210,221,43,2024-03-14,Technicien,Époque son moitié grave accord.
211,56,4,2024-04-25,Chef de projet,Habitude reposer succès abri devoir juger rouler protéger.
212,69,86,2023-07-20,Technicien,Haïr souvenir traiter attirer machine en.
213,128,15,2024-11-30,Consultant,Âgé pourtant succès près bleu.
214,200,48,2024-02-15,Chef de projet,Pousser dehors cinquante argent aspect rayon vol.
215,213,53,2024-02-22,Chef de projet,Paysan époque croire chasse éteindre attitude.
216,131,31,2023-08-24,Formateur,Parce Que quelque lever maladie.
217,251,23,2023-09-24,Formateur,Assez court bas résoudre.
218,184,35,2023-07-10,Formateur,Sommeil pays bas et mode.
219,283,14,2024-04-24,Consultant,Sens horizon part satisfaire tracer avec.
220,27,35,2025-02-16,Technicien,Saisir troisième chat précipiter bleu cour.
221,255,91,2024-09-12,Chef de projet,Étendue herbe où commun certain.
222,284,67,2023-06-26,Chef de projet,Nouveau relever poésie davantage devenir personne rôle dessiner.
223,143,93,2023-10-25,Technicien,Ajouter important plan également protéger.
224,118,43,2025-04-05,Consultant,Combien train sommeil bout loup.
225,253,85,2024-09-19,Chef de projet,Étouffer perte morceau secours.
226,90,52,2025-05-15,Consultant,Que hésiter juste céder énorme passion.
227,196,13,2024-04-17,Formateur,Manger heure battre coûter à.
228,45,9,2024-04-30,Technicien,Veille emporter lisser donc.
229,177,35,2024-09-02,Consultant,Rappeler toile franchir scène frapper.
230,94,2,2023-12-03,Formateur,Seigneur pourquoi son classe ancien prêt cher.
231,43,20,2024-12-14,Technicien,Colline fier certes toi enfin.
232,196,12,2023-12-22,Chef de projet,Haine désespoir million mon bataille tour.
233,215,7,2023-08-28,Chef de projet,Plaire nombre auquel tout.
234,103,5,2025-02-24,Formateur,Rappeler rang parvenir.
235,281,87,2024-07-11,Consultant,Nom preuve journal pensée triste naissance maître.
236,172,76,2024-03-09,Consultant,Chaque possible doute second recueillir parole lueur ici.
237,232,9,2023-09-22,Formateur,Surveiller résister curieux expérience établir blanc avenir.
238,99,47,2024-12-02,Technicien,Chambre un parcourir lourd français passé voie.
239,284,34,2023-09-17,Consultant,Même oncle emmener d'abord venir certain soleil.
240,110,84,2023-06-18,Technicien,Soudain visible rose étudier empire vert.
241,270,36,2025-04-24,Technicien,Condition faire larme aucun accepter amener calmer partager.
242,150,86,2023-09-22,Consultant,Mener âgé riche prison.
243,107,2,2024-03-31,Chef de projet,Rôle docteur saluer fils nul défendre.
244,103,38,2024-10-28,Formateur,Manier bleu cesse.
245,237,78,2024-01-01,Technicien,Siècle promettre carte service moment.
246,144,47,2023-12-07,Chef de projet,Oncle oeil premier sens faible entendre.
247,24,99,2023-07-19,Consultant,Devant souffrir retirer suivant propre crier.
248,85,32,2025-04-07,Technicien,De gloire jeune moyen joie nez.
249,192,89,2024-08-08,Technicien,Noir petit entrer notre beau ferme vol saluer.
250,161,49,2024-02-07,Technicien,Poète bas sein travailler.
251,107,54,2024-02-27,Chef de projet,Apporter gros attacher devant somme depuis recherche.
252,226,31,2023-06-23,Consultant,Cheval réclamer oncle peine trou mort figurer.
253,25,52,2025-04-09,Formateur,Vieux ancien fauteuil exposer général place.
254,13,69,2025-01-13,Chef de projet,Mine politique dame vide genou colline.
255,92,93,2023-09-11,Technicien,Par malheur colère annoncer ne monter.
256,190,9,2023-10-21,Formateur,Mauvais semblable tendre vrai vêtement puissance glisser.
257,100,26,2024-11-20,Technicien,Nuit lune violent long juger nourrir aider.
258,93,12,2023-08-12,Formateur,Colère exister chasser poste.
259,244,81,2024-02-15,Technicien,Falloir secret savoir poète faveur jambe pour.
260,282,16,2025-03-12,Formateur,Dangereux folie salle odeur fatiguer personne toucher.
261,20,14,2025-05-09,Chef de projet,Avec humide sept emporter.
262,47,15,2024-11-10,Formateur,Larme un journée maître remonter oui.
263,274,7,2024-02-03,Technicien,Métier fier mauvais tenter cou conseil dernier.
264,224,3,2024-09-17,Formateur,Froid erreur cercle quelque croiser haut travail.
265,253,38,2023-10-25,Chef de projet,Petit annoncer est également plus cent grain.
266,258,77,2024-04-19,Formateur,Conduire tantôt toit bras côté.
267,67,40,2024-09-27,Formateur,Figurer vague derrière police.
268,68,64,2023-09-06,Chef de projet,Chaud préparer leur véritable dont moi élément.
269,114,26,2024-05-24,Chef de projet,Prêt répandre deviner.
270,44,34,2023-07-12,Chef de projet,Habiter personnage forme gagner souffrir enfoncer.
271,177,46,2024-11-13,Consultant,Chercher enfant travailler emmener autant combien.
272,33,83,2023-07-20,Consultant,Ton veiller juge rapide simple éclat.
273,297,51,2024-10-01,Technicien,Mort regretter tantôt.
274,11,75,2024-07-21,Formateur,Sentiment temps parfois.
275,33,16,2023-10-24,Technicien,Apprendre situation milieu.
276,238,52,2024-12-12,Formateur,Pour maintenant pareil mal.
277,138,17,2023-08-23,Chef de projet,Satisfaire rapporter médecin ton charge.
278,150,71,2024-10-05,Chef de projet,Quarante veille voilà avoir suffire.
279,231,84,2024-01-06,Technicien,Seigneur toit bas vieux sou hors.
280,13,34,2025-02-01,Consultant,Cou nous quitter prouver l'un.
281,294,59,2024-02-24,Chef de projet,Huit plaindre cinq être champ peu.
282,93,54,2025-05-11,Chef de projet,Toujours route rendre seigneur droite.
283,54,89,2023-05-27,Consultant,Race chute partager relation.
284,61,63,2024-02-04,Chef de projet,Étudier cercle prier charge traîner plusieurs dont.
285,17,52,2024-09-15,Technicien,Étonner toit énergie ensemble tâche sol habitude vêtement.
286,279,88,2023-07-08,Formateur,Occasion vague cour affaire le.
287,289,81,2024-07-15,Consultant,Enfant aspect dernier voler nu jeter naissance désirer.
288,284,3,2024-09-27,Chef de projet,Beauté mince existence.
289,78,63,2025-03-22,Technicien,Garde espoir exécuter oncle abandonner.
290,146,27,2023-09-10,Chef de projet,Or répondre tôt véritable.
291,167,71,2023-11-16,Chef de projet,Exemple montrer foule gouvernement fidèle.
292,286,32,2024-12-14,Formateur,Point placer ville avec siècle voile.
293,222,74,2024-09-11,Consultant,Dégager dent herbe rejeter signifier soldat.
294,173,31,2024-06-04,Chef de projet,Jeune comme oncle mensonge.
295,227,97,2023-05-27,Chef de projet,Préparer environ président peine.
296,83,72,2024-07-24,Technicien,Quart obéir foule éteindre joindre soit siècle quelque.
297,6,43,2023-08-01,Consultant,Qui troisième posséder riche disparaître religion.
298,117,40,2024-05-11,Chef de projet,Agir aujourd'hui demain soin nouveau théâtre.
299,206,54,2024-12-15,Consultant,Cacher coup commencement fonction art idée.
300,37,60,2024-01-20,Formateur,Libre devoir mille.
301,182,72,2024-05-23,Technicien,Fils bouche encore céder interrompre inquiéter curieux saint.
302,3,15,2023-12-17,Chef de projet,Autour premier pourquoi croire intérêt.
303,159,87,2023-08-31,Formateur,Inviter puisque mois fou chaise traiter.
304,80,59,2023-11-01,Formateur,Port à ajouter espèce enfoncer aimer.
305,106,89,2023-07-05,Formateur,Préparer travailler joue parent exemple retrouver.
306,227,87,2024-06-01,Chef de projet,Réflexion découvrir avoir.
307,218,43,2023-06-15,Chef de projet,Propre comme vague quant à nommer profondément pointe.
308,154,29,2025-04-17,Technicien,Jambe ailleurs divers vingt cheveu prison espace.
309,285,13,2025-03-10,Formateur,Parvenir vraiment toute flot entrer portier.
310,154,26,2025-01-16,Formateur,Naître nécessaire accent avant.
311,155,71,2023-08-15,Formateur,Delà ne étendue apprendre.
312,54,93,2024-08-20,Technicien,Question durant fait beau certes même larme tendre.
313,124,18,2023-08-24,Technicien,Toute achever rayon imaginer retrouver français vraiment vieillard.
314,139,27,2023-12-20,Technicien,Et libre joindre en.
315,151,60,2024-10-31,Formateur,Exiger soumettre aucun pas.
316,275,16,2025-02-14,Consultant,Droite semblable absolu peine espérer sauvage troubler.
317,156,46,2024-04-18,Formateur,Chat grand dessus nombre.
318,87,77,2024-09-06,Technicien,Partout prétendre chercher page.
319,235,26,2023-05-30,Formateur,Moment père rocher sou obéir depuis autrefois.
320,4,89,2024-06-22,Formateur,Lequel officier rire plaire immobile taire.
321,294,49,2024-04-17,Technicien,Marquer justice apparaître.
322,94,41,2023-12-15,Technicien,En geste social soutenir grave faim ombre.
323,245,34,2024-10-25,Chef de projet,Montrer personne complet mon.
324,228,72,2024-07-27,Consultant,Croix esprit traiter colline quant à mêler accrocher.
325,291,46,2025-02-27,Chef de projet,Hésiter charger vêtement officier.
326,91,93,2024-10-17,Formateur,Personnage tache être armée haute renoncer ignorer.
327,151,85,2024-05-20,Chef de projet,Taille cerveau que son bon docteur oh que.
328,74,51,2023-06-09,Chef de projet,Cacher garçon ce état soudain.
329,270,88,2025-03-26,Chef de projet,Est début même force après ensemble demain.
330,64,55,2023-08-04,Formateur,Victime lors déjà meilleur.
331,179,38,2025-04-05,Consultant,Oeil combat conseil longtemps poète drame lumière.
332,287,98,2024-08-22,Technicien,Manquer cours signe public discours jeu docteur.
333,229,53,2025-05-06,Consultant,Paupière présenter vague déjà inutile mur.
334,58,27,2023-06-15,Technicien,Mon former engager chat ainsi permettre guerre caractère.
335,27,76,2025-05-09,Consultant,Clair donc joindre voie soit bon celui.
336,197,47,2023-10-15,Chef de projet,Projet temps delà arme muet se partir.
337,260,21,2024-12-19,Chef de projet,Montagne présenter ton poche lourd ciel ne soir.
338,198,14,2025-01-13,Formateur,Glisser attendre voici coeur.
339,94,25,2024-12-14,Technicien,Bruit public homme.
340,239,48,2023-12-14,Formateur,Élever quart vérité accuser visite sans.
341,39,100,2025-02-07,Consultant,Seulement précéder geste yeux ensemble.
342,294,99,2025-04-26,Consultant,Nécessaire arrière dépasser nation.
343,171,64,2024-12-18,Technicien,Musique présent revoir ferme.
344,273,17,2024-06-07,Formateur,Marcher père espèce branche danser.
345,256,64,2024-12-21,Technicien,Hôtel ligne enfin passé d'abord honte cent.
346,190,20,2025-02-25,Technicien,Valoir social atteindre source appeler haut placer.
347,28,100,2023-11-27,Formateur,Race garder deviner herbe bois quarante.
348,225,70,2024-03-25,Consultant,Vide maintenant user éclat calmer tombe.
349,71,11,2024-01-25,Chef de projet,Mémoire souvent pourquoi traîner fille.
350,203,88,2024-12-22,Technicien,Endroit empire secret sentiment rôle.
351,273,94,2024-12-01,Consultant,Vivre montagne groupe or raison midi minute.
352,39,46,2025-01-06,Consultant,Planche début certain humain feu.
353,92,50,2023-08-24,Technicien,Saint huit gros de joindre moyen médecin.
354,238,27,2024-09-11,Consultant,Profond grand croire public défendre.
355,7,72,2023-05-17,Chef de projet,Santé faible éclat coucher curiosité guère cesser.
356,273,72,2024-03-03,Technicien,Détruire derrière vol montagne rien compagnon pourtant.
357,55,29,2024-05-27,Formateur,Contenir dernier certainement flamme vous arrêter.
358,9,41,2025-01-05,Technicien,Décrire note contre.
359,62,71,2023-11-30,Formateur,Précipiter poussière sans part jambe même réclamer.
360,276,10,2023-12-20,Consultant,Agent puissance un savoir chaleur tu.
361,279,7,2025-02-13,Consultant,Capable briser profondément ouvert où.
362,204,70,2023-07-17,Chef de projet,Supérieur colon vieux chef vague nombre cela effet.
363,29,65,2024-08-05,Technicien,Lentement vraiment il aider.
364,108,36,2024-09-27,Consultant,Allumer établir réponse tache réfléchir.
365,69,75,2023-06-06,Chef de projet,Dessiner sauvage ça parcourir chanter retourner.
366,286,53,2025-04-08,Formateur,Coin grandir pitié.
367,141,12,2023-11-10,Technicien,Assurer cuisine anglais.
368,31,77,2023-07-07,Formateur,Court nord moitié erreur semaine puis haut.
369,255,66,2024-01-30,Formateur,Content quart carte éprouver tête deviner.
370,241,30,2024-01-08,Formateur,Décider victime ciel repas ci relation inutile.
371,121,5,2023-12-16,Technicien,Émotion absolument inquiétude.
372,70,75,2023-08-06,Chef de projet,Espèce usage escalier surprendre peur manquer franc.
373,18,20,2025-02-28,Technicien,Tapis franc coin prévenir distinguer paupière affaire.
374,10,94,2023-12-21,Technicien,Hasard colon premier acte cher devoir peu tomber.
375,262,29,2024-08-11,Consultant,Sauver partie séparer accorder.
376,192,90,2024-09-17,Formateur,Exécuter écarter victime.
377,189,24,2024-12-19,Chef de projet,Autre public fusil relation.
378,272,96,2023-05-24,Technicien,Coup tour nourrir pauvre même siège.
379,176,74,2025-01-12,Chef de projet,Dans assister imaginer pas.
380,130,25,2023-09-16,Consultant,Famille mien glisser article.
381,8,16,2023-10-11,Chef de projet,Milieu mariage feu empêcher.
382,167,83,2023-12-30,Consultant,Joindre double curieux centre inutile profondément.
383,152,93,2023-05-21,Consultant,Puissance papier cela article pauvre accuser professeur autre.
384,217,36,2024-04-11,Formateur,Malheur paix glisser briller son davantage son tard.
385,244,38,2023-09-06,Technicien,Noir particulier ruine nuage huit parfaitement expérience.
386,114,34,2023-08-27,Chef de projet,Ramener peuple dehors trésor.
387,155,6,2024-10-03,Technicien,Bas muet fenêtre arrêter projet.
388,167,88,2023-12-11,Formateur,Masse sujet assister lendemain vouloir.
389,288,12,2025-01-09,Formateur,Voilà soir porte.
390,88,54,2024-12-22,Chef de projet,Comme intérieur chambre plan droite pauvre.
391,173,57,2025-02-04,Technicien,Mémoire parole cacher mouvement rêve erreur.
392,236,93,2024-05-24,Formateur,Somme odeur fuir ensemble disparaître seulement secrétaire.
393,136,65,2024-09-26,Technicien,Précis engager type.
394,82,48,2023-12-20,Consultant,Derrière parfaitement chien liberté conseil.
395,70,15,2024-12-11,Chef de projet,Debout parler emmener.
396,168,91,2023-12-09,Formateur,Terre milieu milieu affaire.
397,151,79,2023-10-22,Consultant,Confondre ensuite importer désormais atteindre problème oublier.
398,116,25,2023-06-05,Chef de projet,Abri que souvenir appartement exprimer pas lui.
399,126,40,2023-09-24,Chef de projet,Ami mode heureux déjà où.
400,110,41,2024-01-07,Formateur,Regard service page claire garçon delà.
401,180,10,2023-07-16,Chef de projet,Joue unique marchand reconnaître oh et paysan.
402,135,24,2024-02-12,Formateur,Quinze direction paquet retour.
403,162,29,2024-06-03,Consultant,Rapide apparaître nouveau tout charger masse voyage.
404,283,6,2023-12-12,Consultant,Ça découvrir accuser paysage espace.
405,298,20,2024-08-05,Formateur,Deviner observer alors famille.
406,61,8,2025-03-24,Technicien,Extraordinaire pouvoir heure bras ami porter.
407,139,47,2025-02-08,Formateur,Théâtre cela comprendre mettre mouvement vide.
408,240,1,2024-03-20,Chef de projet,Remarquer moi siège époque.
409,283,92,2024-02-28,Formateur,Problème accomplir gens ordre derrière bonheur.
410,238,28,2024-08-08,Consultant,Réduire justice voyager triste.
411,77,15,2023-07-12,Formateur,Tourner partie livrer bois colon problème.
412,249,43,2023-07-10,Consultant,Genou refuser effacer arrêter.
413,63,28,2024-10-10,Technicien,Brûler terrain milieu animer convenir.
414,128,2,2024-12-24,Technicien,Tandis Que corps poitrine toi soirée sur plonger.
415,252,21,2025-02-24,Chef de projet,L'Une chef auquel rayon calme théâtre comprendre.
416,199,64,2025-03-06,Chef de projet,Montrer tandis que vaste règle.
417,106,48,2024-10-23,Chef de projet,Déclarer victime prière respecter.
418,170,97,2023-08-09,Technicien,Le fusil parfaitement cinq assurer conseil règle.
419,178,65,2023-07-13,Formateur,Précis valeur triste étrange envie.
420,251,85,2024-12-13,Chef de projet,Compter groupe envelopper vendre traverser chemin étrange.
421,243,13,2025-01-02,Formateur,Mariage toucher école vide oublier durant.
422,158,71,2024-01-30,Consultant,Rassurer terreur digne plaisir.
423,114,52,2023-11-15,Chef de projet,Bruit tempête note etc répandre.
424,242,61,2024-01-05,Formateur,Refuser apparence bien âge parti.
425,12,28,2025-03-09,Consultant,Qui soleil haut.
426,279,4,2025-02-06,Formateur,Simplement ensuite unique accepter.
427,187,46,2024-01-21,Technicien,Commencer étage capable espérer mort assister.
428,1,50,2023-07-24,Formateur,Minute exemple fonction quel chaise crier.
429,90,2,2024-09-20,Consultant,Cinquante sens déposer tendre coin dos.
430,213,54,2023-11-27,Consultant,Craindre examiner changer plus.
431,69,85,2024-09-15,Formateur,Étaler au contenir rapporter plus étude entendre.
432,80,11,2024-06-18,Formateur,Ouvrage très proposer mieux sommeil.
433,136,5,2024-01-31,Formateur,Continuer éloigner aile robe.
434,47,44,2024-01-17,Chef de projet,Lettre rassurer exister menacer lire voiture.
435,4,37,2024-08-10,Technicien,Sommeil fois tâche consulter inquiétude cour tard accorder.
436,153,6,2025-04-21,Consultant,Demain énorme longtemps enfance pays pourquoi.
437,241,11,2024-03-14,Technicien,Près joli rassurer représenter pensée.
438,105,52,2023-09-02,Technicien,Présent goût respirer soit frais est.
439,180,42,2025-03-07,Technicien,Étrange bureau simple rang poche.
440,80,87,2024-07-29,Chef de projet,Jeter nécessaire comme général épais marquer.
441,222,65,2025-04-20,Chef de projet,Espérer face accuser approcher.
442,256,100,2025-05-06,Technicien,Te rapidement machine.
443,96,95,2025-04-22,Chef de projet,Car sourd mériter rideau.
444,236,61,2024-04-01,Chef de projet,Absence puissant leur effort hauteur garde rire matière.
445,156,9,2024-10-06,Consultant,Absence elle main juge obliger nerveux rapide risquer.
446,34,78,2024-02-25,Chef de projet,Tache franc asseoir écouter.
447,19,95,2023-11-25,Consultant,Santé trop aussitôt durant nul cher chat.
448,11,48,2025-04-27,Consultant,Malheur rayon amour silencieux sonner toute pourquoi.
449,228,70,2024-03-28,Technicien,Établir emporter public inspirer air.
450,212,75,2024-11-14,Consultant,Tempête représenter content l'une chien jamais très.
451,167,52,2025-05-13,Technicien,Rapporter figure elle ajouter.
452,154,6,2025-02-23,Chef de projet,Vide clef maintenir peser réalité genre inspirer.
453,166,91,2023-06-18,Consultant,Charger chasser comment exiger terme mêler enfoncer.
454,260,6,2024-10-02,Chef de projet,Jaune puis fait surtout poser heureux vol rapidement.
455,38,21,2024-10-07,Consultant,Tête dégager village somme ne.
456,116,3,2023-12-24,Consultant,Parcourir peau réveiller oiseau aujourd'hui aimer puis.
457,57,76,2024-12-19,Formateur,Expression devenir bonheur gloire marche.
458,127,53,2024-09-01,Chef de projet,Bas delà oiseau produire proposer.
459,244,68,2024-11-29,Technicien,Accepter fier difficile me autre renverser.
460,247,30,2024-02-05,Consultant,Pencher connaissance au continuer.
461,125,63,2024-11-08,Formateur,Parent tourner autrefois attitude supposer.
462,18,63,2024-11-18,Consultant,Longtemps vol vêtement vin chasse.
463,142,3,2025-03-11,Formateur,Tendre souhaiter manquer choisir annoncer connaître fixer tendre.
464,3,11,2024-05-30,Chef de projet,Inviter résistance consulter examiner action.
465,160,74,2023-07-04,Technicien,Facile poche glisser confondre trembler emporter.
466,260,13,2025-04-30,Formateur,Sac suivre par mettre.
467,113,47,2023-07-19,Formateur,Course tout désormais monde partir réfléchir.
468,3,62,2025-02-10,Consultant,Fond famille doigt terre.
469,238,98,2023-05-21,Technicien,Mémoire passé intelligence vue.
470,254,5,2023-09-04,Consultant,Conversation souvent neuf précipiter.
471,12,3,2025-02-12,Formateur,Sujet chien armer envoyer tendre tombe dame.
472,195,98,2024-04-09,Technicien,Plaire côté emmener nation départ alors certes défaut.
473,66,11,2023-07-31,Technicien,Pleurer odeur certain gauche.
474,201,96,2024-07-09,Chef de projet,Prendre briller savoir faim volonté terminer fumer.
475,296,92,2024-12-15,Technicien,Oncle rôle abandonner aventure monter intérieur.
476,10,50,2023-07-22,Technicien,Garder auteur trembler garçon fixe.
477,59,97,2023-07-02,Formateur,Poche sombre sueur expliquer as l'un.
478,224,69,2025-01-14,Technicien,Poser loup précipiter dieu doute lutter réclamer.
479,294,75,2024-06-22,Formateur,Part roi devenir six avoir robe.
480,16,78,2024-11-12,Technicien,Consentir souffrance entendre discussion.
481,52,38,2023-09-09,Consultant,Envelopper rapport chaque douceur quartier religion parti.
482,277,64,2024-06-13,Formateur,Métier tranquille poche un mal tourner.
483,229,59,2023-08-15,Formateur,Voisin condition mieux plante.
484,87,35,2025-04-21,Consultant,Haute défaut malgré goutte chef ennemi encore.
485,191,11,2024-06-22,Technicien,Note remettre amour autour.
486,161,3,2023-07-15,Technicien,Poids accepter permettre malade colline craindre autant.
487,251,76,2023-12-09,Consultant,Dépasser demain croix.
488,157,8,2024-11-06,Chef de projet,Règle foule regarder police.
489,173,47,2024-04-27,Consultant,Discussion tout rang lever nuage.
490,155,15,2025-04-25,Chef de projet,Résistance défendre succès danser enfermer.
491,90,13,2024-03-23,Chef de projet,Marier forêt beau meilleur sentir.
492,125,54,2024-06-29,Formateur,Exemple aucun saison autre.
493,59,46,2025-02-14,Chef de projet,Commencement suivre user religion.
494,44,39,2024-12-10,Technicien,Contre fête valoir.
495,187,9,2023-08-16,Chef de projet,Croix vide composer ministre présenter empêcher.
496,292,88,2024-01-13,Technicien,Événement public quitter sens voix chaleur arbre.
497,104,84,2024-09-18,Technicien,Vin au de triste chasse sentir.
498,161,87,2024-12-28,Consultant,Parcourir veille or fille.
499,295,17,2024-06-29,Consultant,Emmener je écraser chaise dire après dur.
500,87,11,2024-11-06,Chef de projet,Expliquer écrire montrer état retenir.
