supplier_name,contact_email,registration_date,country,reputation_score,is_active
Nathalie Léger,sophiebourdon@example.net,2015-07-23 22:29:07,Espagne,35,True
Jean Gaillard,allainhelene@example.com,2018-11-13 11:56:45,"Corée, Sud",73,False
Guy Descamps,gabriel00@example.org,2019-12-25 02:49:07,Turks et Caïques (Îles),33,True
Camille Martinez,marthe39@example.net,2023-08-13 05:41:32,Norvège,46,False
Inès Dupré,georges84@example.org,2023-08-05 13:23:07,Cayman (Îles),27,True
Arnaude-Françoise Pasquier,mnavarro@example.com,2015-08-10 22:03:38,Irlande,35,False
David Laporte Le Lelièvre,hsimon@example.com,2023-01-04 20:33:26,Tonga,81,False
Auguste Fleury-Marion,patrickmichel@example.net,2017-08-22 20:54:59,Territoire britannique de l'océan Indien,95,True
Aurore Lefèvre,christianemaillot@example.org,2017-10-07 20:43:29,Luxembourg,80,False
Patrick Perez-Lemoine,vnicolas@example.org,2018-03-25 11:20:38,Heard et McDonald (Îles),51,False
Danielle Bousquet-Charrier,alphonsemace@example.net,2016-03-08 09:53:24,Djibouti,64,True
Marine Pasquier,brigitte25@example.com,2019-01-31 20:39:14,Pologne,97,False
Danielle Toussaint Le Lemaître,valentinelagarde@example.com,2019-10-22 07:29:33,Myanmar,5,True
Tristan du Boulay,erenard@example.net,2018-01-25 15:48:46,Sri Lanka,55,True
Philippe Delahaye,sophie63@example.com,2016-11-30 16:10:55,Saint-Kitts et Nevis,17,True
Patrick Pelletier du Berthelot,hroche@example.org,2020-09-18 15:10:45,Niger,33,True
Gérard-Timothée Dupuis,qnavarro@example.org,2021-12-04 07:36:53,Mali,5,False
Louis-Michel Navarro,nicolasandre@example.net,2018-01-20 09:54:29,Martinique,81,False
Frédérique Martel-Renaud,dlegrand@example.com,2022-07-04 19:12:37,Pays-Bas,67,True
Luce de Mallet,thibault64@example.org,2017-04-21 09:56:43,Mayotte,45,False
Denise Le Barbe,agnesweiss@example.com,2023-07-21 11:16:16,Lettonie,13,False
Théodore Barbe,gnguyen@example.net,2020-06-19 05:12:47,Guinée Equatoriale,16,True
Michelle Étienne,anouk53@example.com,2021-05-03 22:33:01,Arabie saoudite,88,True
Marcel Courtois,stephanelaurent@example.net,2020-10-31 12:49:04,Uruguay,97,False
Pauline Blin,voisinrene@example.net,2018-07-22 12:21:49,Israël,7,False
Pierre Renaud,luc70@example.org,2021-01-22 23:59:52,Guam,75,True
Agnès Laroche,richardalfred@example.net,2021-10-01 23:22:14,Macédoine du Nord,32,False
Adélaïde du Pichon,sabinelucas@example.org,2024-08-12 07:35:18,Bhoutan,62,False
Grégoire-Jules Pascal,guyonolivie@example.net,2023-10-22 12:22:50,Portugal,11,True
Isabelle-Nath Marin,valettepaulette@example.net,2020-04-29 17:35:55,Libéria,63,True
Eugène Descamps,kroussel@example.net,2021-05-09 07:16:52,Paraguay,97,True
Colette Diallo-Munoz,lorrainegaillard@example.org,2019-02-01 14:40:47,Turks et Caïques (Îles),69,False
Cécile-Adèle Boutin,veroniquepottier@example.org,2017-10-30 20:22:37,Lithuanie,70,False
Alex Gallet-Dufour,nroy@example.com,2022-02-12 21:30:48,Nigeria,6,False
Audrey Lagarde du Lebreton,lboyer@example.com,2022-10-30 20:58:04,La Barbad,95,True
Alex Pelletier,ponsnicole@example.org,2015-08-04 20:50:26,Somalie,44,True
Émilie Dupuis,bouviermichelle@example.net,2023-06-02 12:47:31,Estonie,36,True
Éléonore Jacques,qperrier@example.net,2018-11-04 10:59:28,Uruguay,60,False
Auguste Deschamps Le Olivier,henriettedurand@example.net,2023-01-30 23:41:52,Palau,10,True
Olivier-Aimé Delmas,thibault44@example.net,2021-09-10 19:09:39,Namibie,56,False
Julien Michel-Payet,weissnicolas@example.org,2018-11-12 02:04:49,Cuba,14,False
Franck Duval,massonmatthieu@example.com,2024-05-05 15:41:57,Myanmar,71,False
Michel Gilbert,eugenecoste@example.org,2015-10-04 05:54:08,Martinique,10,True
Bernard Lopes-Perrot,oliviebourdon@example.org,2020-10-10 20:27:22,Mozambique,84,False
Gabrielle Le Roux,philippinelaroche@example.com,2024-10-04 09:38:40,Uruguay,22,False
Danielle Gimenez,clemencechauvin@example.org,2024-06-17 15:35:33,Féroé (Îles),1,False
René Techer,alain74@example.net,2020-11-24 06:18:25,Cook (Îles),95,True
Noël de la Renard,ferrandanne@example.com,2025-04-07 02:26:06,Qatar,59,True
Jérôme Morel,ileger@example.com,2023-10-18 04:14:41,Émirats arabes unis,88,False
Alex Le Gall,didierzoe@example.net,2024-05-24 00:44:49,Myanmar,47,False
Lorraine Pierre,laurentthierry@example.org,2022-05-30 19:19:37,Tanzanie,28,True
Thomas Mendès,picardjacques@example.com,2021-03-24 21:47:43,Madagascar,8,False
Jérôme Noël,eugenebigot@example.net,2018-02-03 00:05:04,Finlande,100,True
Arthur Baudry,gregoireaudrey@example.net,2023-11-02 17:05:52,Paraguay,44,False
Édith Teixeira,josephlucie@example.com,2019-05-28 23:38:58,Somalie,22,True
Thibault Bourdon-Besnard,noemi02@example.net,2024-02-12 06:41:11,Afrique du sud,71,True
Paul Masse,joseph05@example.org,2018-06-26 17:34:30,Mariannes du Nord (Îles),86,True
Zacharie Bodin-Blanchard,margot45@example.org,2017-03-06 08:12:45,Cocos (Îles),51,True
Pierre Muller-Texier,paulinealexandre@example.net,2017-06-14 08:22:33,Irak,11,True
Alain-Thibaut Gaudin,jeanhortense@example.com,2025-06-10 16:59:24,Macédoine du Nord,89,False
Gilles Lemoine,barthelemyastrid@example.com,2024-12-20 10:15:06,Turquie,73,False
Luce Michaud,michelle08@example.net,2016-04-01 01:18:30,Norvège,84,True
Aimé Charpentier,philippelemonnier@example.org,2021-04-04 23:42:59,Haïti,26,True
Auguste-Gilles Voisin,nath06@example.org,2022-09-13 10:25:25,Bolivie,46,False
Daniel Gaudin,pierrebreton@example.net,2016-10-23 23:45:51,Yougoslavie,79,False
Susanne Martinez,benjaminfontaine@example.org,2015-11-28 13:45:19,Suède,61,False
Manon Chauvet,jules88@example.com,2024-04-23 22:51:17,Hong Kong,100,False
Valentine-Nathalie Prévost,camille15@example.net,2022-12-21 13:08:45,Malawi,42,False
Robert Martinez-Paris,guylagarde@example.org,2015-12-13 05:40:18,Seychelles,12,False
Alexandre de Leclerc,aimeeferreira@example.net,2021-09-27 17:38:57,Taiwan,57,False
Inès Charrier,vlecoq@example.com,2021-06-27 16:25:56,Maurice,12,False
Lorraine-Suzanne Mace,ypottier@example.org,2020-10-28 16:43:08,Suède,14,False
Auguste Fabre,nathalie44@example.org,2016-10-13 13:16:03,Gambie,24,False
Amélie Gaudin de Marques,bgauthier@example.org,2019-02-09 00:16:13,Nouvelle Calédonie,89,True
Honoré Perrin,jbrunet@example.net,2015-09-28 00:30:16,Vietnam,64,False
Clémence Delahaye,michellelaporte@example.org,2016-10-01 03:29:19,Somalie,72,True
Martine-Manon Alexandre,iclerc@example.org,2023-06-21 22:28:53,Mexique,66,False
Zoé Godard-Ollivier,henriette65@example.org,2020-10-20 11:14:32,"Corée, Sud",38,True
Mathilde Valentin,charlottelaunay@example.net,2022-04-29 19:51:10,Grèce,44,True
Nath David-Courtois,raymondchevalier@example.org,2024-01-12 15:39:32,Pitcairn (Îles),55,False
Jacqueline Michaud,caroline80@example.org,2021-09-30 20:55:32,Libéria,46,False
Anouk Rey,malletaudrey@example.com,2023-06-08 06:20:05,Kiribati,95,True
Nathalie Pires de Denis,gilberthuet@example.net,2016-10-04 11:02:14,Porto Rico,22,False
Vincent Ferreira,capucine29@example.com,2018-06-08 04:29:16,Norfolk (Îles),91,False
Gabrielle Bruneau,adrienne11@example.org,2024-11-19 05:08:44,Laos,25,True
Thomas Loiseau,vincentdufour@example.org,2021-10-13 17:27:35,Bahamas,94,True
Susan Arnaud,tgautier@example.org,2015-07-11 04:24:22,Saint-Kitts et Nevis,65,True
Danielle Gros,astrid46@example.net,2017-01-15 17:44:28,Dominique,15,False
Jules De Sousa,christophe99@example.com,2024-11-24 23:22:37,Liban,58,False
Anne Bourdon,emmanuelle70@example.org,2017-07-30 17:48:53,Vanuatu,58,True
Christine Dufour,astrid93@example.net,2024-08-12 10:15:32,Brunei,37,True
Théophile Evrard-Laporte,margotjacquot@example.net,2020-10-20 06:02:55,Grenade,72,False
Noël Martel,matthieublondel@example.com,2024-04-12 05:27:28,Kenya,83,False
Pénélope Lefebvre du Ferreira,alphonse63@example.net,2016-03-01 04:59:11,Fidji (République des),36,False
Nath Mendès de la Rey,eliselambert@example.org,2017-05-15 20:47:22,Malawi,40,False
Marcel Chauvet,laurence16@example.com,2017-02-19 15:04:24,Botswana,87,False
Richard Reynaud du Grondin,raymond36@example.net,2018-03-13 21:19:07,Chine (Rép. pop.),25,True
Adrien Girard,victoire91@example.com,2023-12-11 16:49:19,Burundi,69,True
Henri Bouchet,ebarbier@example.com,2020-05-21 08:27:31,Montserrat,4,False
Frédérique de la Guillot,loiseauetienne@example.org,2015-08-31 10:10:44,Chili,66,True
François Auger,valerie22@example.net,2021-07-24 01:09:27,Arabie saoudite,93,True
Thierry Payet,costaeric@example.org,2019-04-23 21:30:20,Géorgie du Sud et Sandwich du Sud (Îles),56,False
Marcel Delahaye-Brunel,bhamel@example.com,2020-11-04 21:23:43,Madagascar,15,True
Marianne-Marianne Huet,maillotdavid@example.net,2016-03-22 16:25:11,Mali,53,True
Henri Ribeiro Le Hamon,margotdescamps@example.net,2020-08-07 11:09:21,São Tomé et Príncipe (Rép.),99,True
Claude Guichard,marinegiraud@example.org,2016-07-15 10:36:59,Montserrat,38,False
Agathe Prévost-Lebon,cecile97@example.com,2019-11-04 06:32:38,Yemen,57,False
Virginie Texier,alemoine@example.org,2023-10-27 03:28:52,Oman,33,False
Alain Le Descamps,hugues25@example.net,2015-08-09 19:06:20,Venezuela,22,True
Jérôme-Augustin Costa,rmarchal@example.org,2022-04-02 05:12:26,Îles Mineures Éloignées des États-Unis,53,True
Paul Bigot,trey@example.com,2024-02-09 14:05:45,Pakistan,46,True
Nicolas Gaudin,eugene63@example.org,2020-07-31 12:53:46,Martinique,21,True
Élisabeth Ollivier,alebreton@example.org,2023-12-11 09:53:47,Rwanda,57,True
Alix Chartier-Nguyen,guillaumevictoire@example.com,2021-12-30 04:34:27,Pitcairn (Îles),97,True
Édouard Hebert,richardfischer@example.net,2018-11-09 18:28:44,Royaume-Uni,63,False
Michelle Rivière Le Lemaître,remyjosette@example.com,2016-04-21 21:07:33,Zimbabwe,48,False
Alphonse Perrot,mleveque@example.com,2015-08-17 12:04:29,São Tomé et Príncipe (Rép.),16,False
Arnaude Roy,stephanedelattre@example.org,2019-10-24 23:43:32,Haïti,82,False
Christine Buisson,rochephilippine@example.net,2021-10-24 05:34:09,Argentine,21,False
Aimée Le Perrin,brunetnathalie@example.net,2025-05-31 20:40:13,Turkménistan,87,True
Françoise Huet,michelegrenier@example.org,2019-11-08 13:01:19,Lesotho,76,False
Éléonore Blot,delahayeadelaide@example.org,2022-04-21 09:52:48,Guinée-Bissau,8,False
Marcel Barbier,moniquedelaunay@example.com,2016-08-30 03:47:29,Groenland,19,False
Augustin Le Martins,zantoine@example.org,2020-11-21 12:37:42,Équateur,12,False
Nath de la Devaux,maggie90@example.org,2020-10-28 16:38:35,Pologne,24,False
William Colin,legrosclaude@example.com,2023-07-23 00:09:46,Vierges (Îles),5,True
Odette Cohen,lucy37@example.org,2019-01-31 20:54:41,Afrique du sud,73,True
Thierry Carre,menardanouk@example.org,2023-11-13 03:25:43,Swaziland,0,True
William Ferrand,arthurlebrun@example.net,2019-07-13 15:24:34,Libéria,21,True
Lucy Grenier,zclement@example.com,2022-05-24 12:20:29,Saint Pierre et Miquelon,2,False
Anaïs Lefèvre,ffischer@example.com,2022-05-28 03:48:54,Turkménistan,0,False
Raymond Roche,fmeunier@example.com,2018-01-08 04:34:33,Arménie,99,True
Léon-Adrien Thierry,antoinefleury@example.com,2020-10-24 14:06:42,Myanmar,24,False
Laure Costa,philippinegiraud@example.com,2023-02-26 05:03:57,Burkina Faso,92,True
Marthe Laine,olivierpenelope@example.com,2016-02-01 14:55:32,Paraguay,31,True
Émile Thierry,claudepicard@example.org,2015-11-14 06:01:42,Haïti,98,True
Pierre Laroche,lefebvrebenjamin@example.org,2018-08-31 06:20:44,Montserrat,37,True
Alexandria-Marie Germain,valeriebigot@example.net,2019-03-18 13:27:07,Bolivie,85,True
Margot-Mathilde Jacques,costadominique@example.net,2016-10-23 14:01:02,Gibraltar,37,False
Jacqueline Roche,slacombe@example.org,2022-06-06 18:10:52,Biélorussie,39,True
Anaïs Vaillant Le Lambert,moreauguy@example.com,2017-09-13 08:44:08,Géorgie du Sud et Sandwich du Sud (Îles),73,True
Sébastien Chevallier,alexvallee@example.com,2018-01-01 05:07:33,Guinée-Bissau,31,True
Bertrand Faure,rocherfrancoise@example.org,2017-09-18 18:34:24,Allemagne,61,False
Olivier Marty,bgomez@example.org,2015-08-21 18:07:23,Indonésie,57,False
Thibaut de Pichon,paulruiz@example.net,2025-01-08 23:02:10,Finlande,75,True
Lucy Bailly,anastasie90@example.com,2021-10-25 12:27:58,Cook (Îles),9,False
Véronique Brun,julienlemonnier@example.org,2016-12-27 14:24:31,Corée du Nord,14,True
Gilbert Pelletier,julie15@example.net,2024-09-06 22:18:56,Kiribati,3,True
Robert David,yregnier@example.net,2020-05-03 22:24:35,Algérie,49,False
Odette Berthelot,dorothee96@example.org,2022-12-08 03:29:01,Vanuatu,77,False
Matthieu Munoz-Blondel,salmonagathe@example.com,2021-04-16 18:47:10,Venezuela,25,True
Hugues Le Vallée,delmasalain@example.com,2023-03-19 05:53:55,Cocos (Îles),79,False
Claire Vallet,tristan48@example.com,2016-09-26 03:47:57,Irak,5,True
Monique Colin,marc73@example.com,2020-04-21 03:37:40,Antilles néerlandaises,84,False
Camille Tanguy,levequepatrick@example.net,2016-08-17 13:48:37,Kiribati,30,False
Édouard Lucas,luc64@example.net,2022-06-05 06:07:02,Seychelles,100,False
Lorraine-Agathe Normand,edouardfontaine@example.com,2020-08-04 18:16:04,Autriche,27,True
Victor Daniel,jacqueline34@example.net,2019-05-09 02:27:41,Tokelau,39,False
David de la Aubry,chauvetmarguerite@example.com,2018-11-26 16:01:03,Luxembourg,73,True
Thérèse Martel-Léger,henri72@example.org,2022-02-12 17:35:07,Espagne,2,False
Laetitia Delahaye,andre96@example.com,2021-09-17 19:30:33,Samoa,40,True
Victoire Pineau-Bourdon,acordier@example.net,2023-10-13 21:43:41,Jamaïque,3,False
Luc du Chevalier,marianne22@example.com,2024-10-29 15:47:44,Ouzbékistan,49,True
Madeleine Lefèvre,noemi09@example.org,2022-05-14 17:32:35,Monaco,17,False
Christophe Dos Santos,philippe17@example.net,2018-08-03 10:00:05,Montserrat,34,False
Jeanne Le Lacombe,acolin@example.com,2016-08-05 20:07:46,Nigeria,78,True
Charles Costa,alfredbuisson@example.org,2015-11-02 12:22:13,Sainte Hélène,88,True
Laurent de Mary,josette69@example.net,2020-07-01 14:06:09,Svalbard et Jan Mayen (Îles),97,False
René Clerc,sebastienmaillot@example.com,2015-12-11 00:18:08,Réunion (La),22,True
Philippine Vasseur,laurentrey@example.net,2016-10-14 15:06:42,Brunei,84,False
Yves Vasseur,denis24@example.org,2022-08-28 19:42:03,Nauru,83,True
Luce Coste,xmoreau@example.org,2015-10-29 20:15:44,Bouvet (Îles),81,False
Brigitte Alexandre,payetmathilde@example.com,2022-08-11 12:02:44,Uruguay,13,True
Bernard Fournier,rogeralexandre@example.net,2024-04-26 14:43:05,Jordanie,90,False
Roger Lamy,laurenceetienne@example.org,2020-05-07 09:22:15,Sainte Lucie,80,False
Alexandria Coulon,alexandreroy@example.com,2017-06-07 04:50:53,Mongolie,31,True
Nicolas Schmitt,gallethelene@example.com,2019-02-19 18:42:04,Bahamas,65,False
Matthieu Bernier,helene52@example.net,2025-02-01 22:40:17,Paraguay,13,True
Jérôme Pascal Le Carlier,ypages@example.net,2021-05-20 10:32:43,Bhoutan,84,False
Jérôme-Emmanuel Fischer,aberger@example.com,2017-02-08 08:26:07,Jordanie,27,True
Julien Grenier,parentadrien@example.net,2019-07-12 10:23:44,Sri Lanka,93,False
Astrid Huet,gmarchal@example.com,2021-01-19 21:54:24,Koweit,38,False
Matthieu Gros du Maurice,arnaudchristiane@example.com,2015-10-21 10:04:38,Wallis et Futuna (Îles),9,False
Lucy Andre,charles80@example.org,2023-10-25 10:24:50,Guyane,81,True
Agathe Baudry-Maury,phoareau@example.com,2020-08-29 13:35:15,Nauru,81,True
Christophe Pinto,imarty@example.net,2020-02-25 19:19:57,Afghanistan,13,True
Michelle de Cousin,lucasleclercq@example.net,2015-12-28 06:39:25,Christmas (Île),83,True
Adèle Nicolas,alphonseduval@example.org,2024-11-27 03:00:09,Irak,78,True
Marc Rey,whuet@example.net,2023-01-01 07:21:18,Burkina Faso,24,True
Alix Rousseau,legendreastrid@example.com,2020-08-01 11:47:24,Géorgie,56,False
Françoise Tanguy,fredericcharpentier@example.com,2018-07-05 00:26:43,Benin,86,False
Benoît Marchand,salmonmonique@example.net,2017-08-03 16:56:20,Chili,66,True
Étienne Carre,rgillet@example.com,2021-04-29 04:36:08,Haïti,0,True
Roger Bonnin,yallain@example.net,2022-10-10 02:32:50,Wallis et Futuna (Îles),83,False
Capucine Seguin,laurenttecher@example.net,2021-07-23 11:35:46,Territoire britannique de l'océan Indien,35,False
Emmanuelle Lebon-Delaunay,emile02@example.org,2020-04-25 06:45:48,Luxembourg,72,True
Auguste Roche,llesage@example.org,2016-04-30 23:09:14,Australie,74,True
Virginie-Cécile Chauveau,jacquesnathalie@example.org,2023-06-15 04:22:20,Fidji (République des),46,False
Margaud Texier-Bourdon,xleblanc@example.com,2017-01-10 05:44:52,"Corée, Sud",95,False
Élodie Le Renault,anouk60@example.com,2019-11-27 01:51:11,Géorgie,34,True
Inès Blin,levyhonore@example.com,2018-10-12 17:52:56,Géorgie du Sud et Sandwich du Sud (Îles),60,True
Clémence Léger,genevieve64@example.org,2023-01-12 11:26:32,Comores,22,False
Adrienne de Da Silva,elisabethvalette@example.com,2023-07-04 23:28:08,Polynésie française,20,False
Jeanne Fischer,marchandsebastien@example.org,2018-11-07 02:23:04,Tonga,88,True
Susan Wagner,maryse51@example.org,2022-01-09 15:46:33,Libye,77,True
Philippine Lévy,andre23@example.org,2018-05-21 20:02:32,Nauru,48,False
Marcelle Baudry,alfredperrot@example.com,2023-09-24 16:45:18,Brésil,47,True
Marie Lebon du Labbé,durandmarc@example.org,2020-10-18 03:09:28,Falkland (Île),62,False
Yves Leroy,bazinveronique@example.org,2018-12-25 10:53:48,Porto Rico,46,True
Matthieu Marie-Cousin,antoinevalentine@example.org,2021-09-17 13:20:32,El Salvador,92,True
Sébastien Weiss,delormealice@example.org,2017-10-25 22:57:36,Pays-Bas,62,False
Timothée Olivier,didierelise@example.com,2025-04-06 04:26:45,"Corée, Sud",33,True
Thérèse Gaillard du Delorme,rweiss@example.org,2021-11-10 18:26:44,France,54,True
Pauline-Claudine Guillon,petitjuliette@example.com,2015-06-11 20:58:42,Namibie,6,False
Pénélope-Arnaude Gomes,daniel99@example.net,2018-06-28 15:06:46,Heard et McDonald (Îles),97,True
Monique Dupuis,chauvinalexandre@example.org,2016-05-19 22:59:10,Cocos (Îles),22,False
Alice Regnier,patrickcohen@example.net,2019-06-28 09:40:02,Guinée,20,True
Charlotte Moulin de la Gérard,leleuaurelie@example.com,2017-10-06 15:17:40,Nigeria,80,True
Claude Pelletier,xaviercarlier@example.org,2017-01-31 23:49:50,Tonga,70,True
Michel Bouvier de Hebert,andre61@example.org,2024-12-24 23:18:29,Azerbaïdjan,42,False
Claire Morin,buissondenis@example.com,2022-04-01 21:53:40,Panama,69,False
Pénélope-Marthe Tessier,fgilbert@example.com,2025-05-24 09:47:48,Palau,47,False
Thibault Lecoq Le Guillon,maillardaime@example.org,2021-06-07 12:18:25,Angola,15,False
Dorothée Le Guillot,gomesgabriel@example.org,2020-05-05 21:54:53,Suisse,76,True
Marthe-Arnaude Guillot,dumontclemence@example.com,2021-01-30 03:55:15,Bulgarie,26,False
Benjamin de la Vallée,augusteverdier@example.com,2024-03-21 16:59:20,Égypte,50,False
Lorraine-Marcelle Fournier,hernandezmarianne@example.net,2018-12-02 01:47:37,Pakistan,30,False
Alex-Margaud Pelletier,philippeanastasie@example.org,2023-02-13 00:25:49,Samoa,72,True
Chantal Dupuy,sabine04@example.org,2020-04-11 01:57:15,Indonésie,34,False
Renée Maurice,alicechevalier@example.net,2018-06-27 12:25:20,Fidji (République des),72,False
Michel Lefebvre,zguillot@example.com,2017-08-11 07:34:35,Libéria,71,True
Gabriel Imbert du Thierry,michelebegue@example.com,2016-02-06 14:54:24,La Barbad,15,False
Geneviève-Andrée Fleury,delmasagnes@example.com,2019-08-15 07:13:48,Brésil,8,True
Benoît Martin,nevrard@example.org,2017-06-27 09:19:01,Espagne,46,False
Jean Perret,mbruneau@example.com,2022-10-08 03:22:00,Albanie,53,True
Julien Lévy,lucguyon@example.net,2017-10-06 14:57:50,Arménie,35,True
Martine Guillou,nath50@example.org,2025-05-31 10:13:28,Montserrat,63,True
Lucas De Sousa-Bonnin,josephjacquet@example.net,2019-10-03 18:05:12,Sahara Occidental,96,True
Lorraine Lefort Le Blanchard,isaacmarchand@example.net,2020-04-21 09:49:06,Tchad,16,True
William Mace,valentine57@example.org,2016-07-26 18:28:07,São Tomé et Príncipe (Rép.),14,True
David Gosselin,patriciamaillard@example.net,2023-08-21 17:20:34,Grèce,16,True
Hortense Jourdan,olivie79@example.com,2015-10-03 07:46:54,Singapour,98,True
Olivier Gosselin,chevalierlaurent@example.net,2015-12-13 01:38:13,Vierges (Îles),100,False
Bertrand Masson du Hoareau,peltierchristelle@example.com,2017-07-31 05:53:22,Botswana,80,True
Laurence Chauveau de Fischer,francoiscoulon@example.net,2017-04-09 03:37:32,Haïti,62,True
Aimée Le Roux,omarin@example.com,2022-03-03 09:38:08,Christmas (Île),17,True
Maurice Brun,bperrot@example.org,2018-05-21 23:21:55,La Barbad,31,True
Lucas Andre,pottiermichelle@example.com,2017-07-08 16:44:34,Afrique du sud,5,False
Marcel Meyer,alexcharpentier@example.net,2024-03-07 04:07:25,Burundi,8,True
Gilles Le Charles,carnaud@example.com,2022-06-17 08:49:43,Cameroun,61,True
Joseph Jacquet,antoinette03@example.net,2018-06-07 09:18:43,Tonga,67,True
Daniel Gaudin,raymond62@example.net,2020-06-30 23:51:56,Indonésie,44,False
Susan Blin-Buisson,diane12@example.org,2017-09-22 03:29:53,Inde,96,False
Benjamin Morvan,etiennemaillet@example.org,2017-06-30 22:22:25,Swaziland,35,False
Éléonore Auger,ymartin@example.com,2023-04-06 22:11:02,Arménie,90,True
Diane Merle-Bruneau,deschampsisabelle@example.net,2022-01-24 06:50:18,Vierges britanniques (Îles),50,True
Isaac Joly,gpineau@example.net,2018-07-30 08:28:02,Mayotte,21,False
Christine Delannoy,valerie27@example.org,2015-08-26 11:16:22,Anguilla,47,True
Christiane de Germain,julienlelievre@example.org,2022-04-11 09:26:37,Gabon,23,True
Capucine Bonneau-Fischer,sabinecarpentier@example.org,2016-02-28 18:40:48,Colombie,22,True
Bertrand Rocher,lebonjosette@example.com,2024-07-14 03:52:54,Malawi,70,True
Stéphane Guillaume-Ferrand,ccharrier@example.com,2016-10-12 15:18:56,Bhoutan,44,True
François-Isaac Dijoux,zbonnin@example.com,2018-02-25 02:17:39,Kirghizistan,49,True
Agnès Maillot-Petit,antoinelamy@example.org,2024-08-27 13:17:39,Qatar,54,True
David Daniel de Collet,gpayet@example.net,2018-09-13 21:31:59,Vietnam,26,False
Augustin de la Didier,sylvie67@example.org,2015-06-11 20:09:46,Philippines,81,True
Jules Sauvage du Durand,suzanne08@example.org,2020-04-07 03:01:29,Pologne,55,True
Aimé Blanc,vprevost@example.net,2018-05-30 13:02:52,Malaisie,98,True
Nicole Bouvet,eboyer@example.org,2020-12-28 15:29:41,Albanie,69,True
Élisabeth Chevallier,samsonarthur@example.com,2020-04-08 10:24:57,Russie,19,True
Valentine Auger,arnauderichard@example.net,2021-04-18 14:42:11,Venezuela,68,True
Nath Dupont,isabellelebrun@example.net,2017-03-17 13:08:57,Norvège,65,True
René Pages,marc14@example.com,2022-08-02 08:16:02,São Tomé et Príncipe (Rép.),21,False
Suzanne Blin,rbodin@example.net,2022-01-17 16:56:58,Papouasie-Nouvelle-Guinée,8,False
Éléonore Jacob de Hardy,edithpascal@example.org,2023-05-08 02:24:07,Wallis et Futuna (Îles),38,False
Bernadette Chrétien,elebrun@example.com,2020-05-09 11:57:13,Nepal,74,False
Paul Gomes,michelcharlotte@example.com,2025-03-19 16:56:15,Trinité et Tobago,56,True
Eugène Le Faure,leontexier@example.com,2021-10-23 16:06:51,Brésil,88,True
Océane Marion,laurent91@example.com,2019-01-09 05:29:24,Trinité et Tobago,85,True
Susan Peltier,victoirereynaud@example.org,2018-05-01 02:59:40,Moldavie,25,True
Honoré Rocher,ghoareau@example.org,2023-11-25 04:45:54,Micronésie (États fédérés de),37,True
Bernard Boulanger,elisabethhumbert@example.net,2020-10-30 20:19:10,Sénégal,22,False
Gilbert Pelletier,mrey@example.com,2016-11-20 04:00:57,Montserrat,21,True
Georges Samson-Rousset,anastasieteixeira@example.org,2018-02-15 12:59:13,Bhoutan,31,False
Denis Alexandre,laurent58@example.com,2018-06-26 19:22:35,Mali,62,True
Léon Thibault,daniel61@example.org,2024-08-09 03:08:09,Féroé (Îles),23,False
Matthieu Grenier,joubertmonique@example.net,2019-05-02 13:43:21,Malawi,53,False
Geneviève Tessier,philippeguillot@example.net,2020-01-19 07:21:13,France,70,True
Aimée Jacquot,celina82@example.com,2023-01-27 22:47:30,Gabon,65,False
Lucy Duhamel,dupredavid@example.net,2022-10-25 12:37:13,Ethiopie,8,False
Jérôme Navarro,carliermargaret@example.net,2024-07-16 22:32:24,Yemen,92,True
Marguerite Martin,godardnathalie@example.com,2024-08-05 10:09:22,Iran,15,False
Thierry Loiseau-Richard,chretienmaurice@example.net,2015-06-12 14:32:09,Nepal,29,False
Inès Maillet,benoitberger@example.com,2019-08-06 20:46:11,Tonga,50,True
Gérard Blondel,lguillon@example.net,2018-07-16 03:40:17,Bolivie,0,False
Alexandrie Michel de Roussel,yweiss@example.net,2019-11-17 11:16:45,Mexique,36,False
Aimée Tanguy,acollin@example.net,2021-09-13 11:32:57,Fidji (République des),30,False
Antoinette Georges du Leroux,kfleury@example.com,2018-06-07 13:01:45,Vierges britanniques (Îles),86,True
Suzanne Normand,qlejeune@example.com,2019-11-17 16:37:24,Inde,81,True
Aimée Le Pelletier,henryemilie@example.org,2015-07-17 14:41:38,Montserrat,66,False
Adrien-Jules Simon,morinmadeleine@example.net,2018-01-14 04:29:41,Saint-Kitts et Nevis,88,False
Martin Nguyen de la Valentin,hortense58@example.com,2020-05-11 18:42:12,Aruba,30,True
François Collin du Masson,xaviermenard@example.org,2023-09-06 15:34:48,Brunei,71,False
François Reynaud,anoukdiallo@example.com,2022-12-23 20:27:48,Pologne,62,True
Valérie Le Roux,leonseguin@example.com,2017-01-05 23:19:12,Bhoutan,79,True
Sylvie Gimenez,reneebertrand@example.net,2024-02-26 11:47:38,Bouvet (Îles),13,True
Robert Le Gros,qdelaunay@example.com,2024-05-20 04:12:53,Irlande,94,False
Marie Simon,hletellier@example.com,2023-01-06 00:55:35,Venezuela,82,False
Olivier Guichard,agnesfernandes@example.net,2017-10-12 23:31:25,Falkland (Île),48,True
Victor Normand,sfontaine@example.org,2022-05-19 09:55:45,Ouzbékistan,61,False
Adélaïde du Mercier,gferrand@example.net,2015-10-18 02:49:53,Ukraine,8,True
Daniel Lebon,ybuisson@example.org,2024-09-10 05:43:50,Venezuela,81,True
Julien Regnier,eugene71@example.net,2019-05-29 20:37:39,Portugal,78,True
Emmanuel Renault Le Leduc,reneemace@example.net,2021-01-31 00:28:59,Koweit,6,False
Maryse Joseph,xaviercarre@example.org,2021-04-18 22:04:42,Portugal,67,True
Susan Techer,gimenezfranck@example.org,2016-04-17 15:55:40,Territoires français du sud,48,False
Christelle Lefebvre,cdufour@example.net,2022-07-22 03:08:24,Albanie,31,True
Pauline Maillet,boulangerlorraine@example.net,2015-08-02 05:34:16,Norvège,27,True
Aimé Henry,robert54@example.com,2015-05-31 15:14:55,Danemark,86,True
Michel Lecomte,agathe15@example.org,2015-06-26 04:31:18,Ghana,75,True
Édouard Ferrand,georgessebastien@example.net,2019-02-13 16:15:00,Brunei,70,True
Martine de la Hebert,cbarbier@example.net,2016-01-23 18:35:06,Panama,34,False
Emmanuel Humbert,naththierry@example.org,2021-10-23 07:33:47,Croatie,96,True
Sylvie Lebon,marcleveque@example.com,2016-11-06 08:10:31,Irlande,62,False
Éric Jacquet,leon82@example.org,2015-06-16 07:18:43,Kazakhstan,29,True
Bernadette Gauthier,ylegrand@example.com,2024-08-23 15:18:13,Syrie,50,True
Christiane Besson,rbourgeois@example.com,2024-07-12 09:13:12,Belgique,35,False
Gérard Antoine,philippe10@example.net,2025-04-08 05:19:19,Estonie,52,False
Xavier Joly,astrid74@example.org,2024-09-18 05:19:02,Grenade,28,False
Jean-Léon Bernier,hpasquier@example.org,2018-08-01 04:58:46,Christmas (Île),90,False
Jules Guichard,duvalraymond@example.org,2024-06-29 19:51:31,Mexique,81,False
Henri Brunet,anaisgros@example.org,2023-10-19 13:08:57,Nigeria,0,True
Gilbert Godard,xavier46@example.org,2021-10-29 17:13:43,États-Unis,43,True
André Laroche,opierre@example.net,2023-10-05 00:03:56,Syrie,9,True
François Bouvier Le Giraud,francoisaurore@example.com,2018-11-30 07:21:54,Finlande,80,False
Maurice Le Allain,josephine73@example.net,2016-07-19 11:34:15,Cameroun,1,False
Élodie Camus,qbouvier@example.com,2022-10-30 19:58:27,Nouvelle-Zélande,72,False
Aurélie Gomez,david08@example.org,2023-08-02 17:04:35,Bangladesh,49,True
Denis Guyot,girardpatricia@example.org,2023-12-20 08:33:21,Timor,95,False
Pauline Caron-Verdier,patriciaraymond@example.com,2019-10-28 10:18:23,Australie,65,False
Emmanuel Hubert du Meunier,frederiqueleconte@example.net,2016-09-15 08:44:34,Trinité et Tobago,60,True
Laurent Bazin,kleinyves@example.net,2018-09-22 16:21:03,Samoa,89,True
Margaret-Alix Blanchard,cbenoit@example.org,2018-05-12 10:32:09,Aruba,97,True
Nicole Rousseau Le Georges,hantoine@example.com,2021-02-16 09:23:52,Jordanie,26,False
Clémence Marchand du Marques,anaisgomes@example.org,2015-12-23 00:07:56,Cap Vert,40,True
Margot Verdier,xpoulain@example.org,2025-06-18 16:06:50,Porto Rico,98,False
Édouard Legrand du Masson,nguyot@example.org,2021-01-31 11:35:15,Wallis et Futuna (Îles),83,True
Marc Gilbert-Alves,parentadele@example.net,2023-11-30 06:24:33,Lettonie,84,True
Madeleine Marie,susanmoulin@example.net,2017-07-12 14:02:29,Inde,49,True
Joseph Le Fernandez,victoiremace@example.net,2017-09-27 01:44:17,Luxembourg,37,True
Denis Rivière,aurore12@example.com,2024-06-30 16:11:55,Finlande,97,False
Paul Pascal,eugene21@example.com,2016-08-18 08:53:56,Gabon,13,True
Daniel Carre de Leroux,timotheeetienne@example.org,2021-12-27 08:05:38,Maurice,91,True
Honoré Coulon,astridjacquet@example.com,2025-02-02 06:25:58,Tanzanie,73,False
Zoé Lefort-Guilbert,duprevirginie@example.net,2020-02-26 01:15:16,Afrique du sud,1,False
Claude Becker,pichongregoire@example.net,2022-06-23 10:56:16,Saint Vincent et les Grenadines,90,True
Hugues Renaud,spruvost@example.com,2024-03-27 15:20:33,Turquie,53,True
Éléonore Fernandes-Valette,isaaclebrun@example.net,2021-02-10 23:10:14,Bouvet (Îles),91,False
Henri Lecoq,diastheophile@example.net,2018-11-04 18:08:22,Zambie,51,True
Charlotte Pierre,guillaumealphonse@example.net,2018-02-04 23:45:36,Cocos (Îles),82,False
Brigitte Muller,nicolaslucy@example.org,2021-01-03 17:03:38,Pakistan,33,False
Richard Gros,timotheedelannoy@example.com,2019-03-18 06:30:32,Malaisie,84,False
Laurent Tanguy,thibaut42@example.org,2017-06-21 04:57:57,Kirghizistan,50,False
Michel-Théodore Didier,susan51@example.com,2021-09-10 02:13:40,Estonie,11,True
Aurore Guichard,btexier@example.net,2021-05-30 10:19:56,Nepal,18,False
Vincent Laporte,gchauvet@example.com,2016-08-18 07:35:04,Cap Vert,9,False
Marianne Lesage,sguillaume@example.net,2023-12-16 16:50:42,Corée du Nord,7,False
Benjamin Besson-Rolland,courtoisgabriel@example.org,2021-05-07 07:45:42,Luxembourg,42,True
Gérard Leclerc-Leclerc,brunetpaulette@example.net,2023-04-04 14:42:09,Norvège,53,True
Susanne Delahaye,mbouvier@example.com,2016-10-24 23:50:28,Suède,51,False
Olivie-Véronique Texier,guibertremy@example.net,2023-08-14 13:05:46,Soudan,47,False
Guillaume-Augustin Peron,cneveu@example.com,2016-03-03 03:00:12,Norfolk (Îles),21,True
Augustin Roger,zoe93@example.org,2016-03-08 08:24:41,Mongolie,60,False
Jacqueline Lévy de Muller,christelle15@example.net,2022-10-10 14:14:28,Arabie saoudite,82,False
William Vaillant,etiennedupuy@example.org,2022-09-20 18:30:30,Cameroun,91,False
Marine-Claire Caron,margauxpichon@example.org,2021-02-18 11:37:36,Nouvelle Calédonie,77,False
Marcelle Guillou,spages@example.com,2017-09-07 12:06:38,Gambie,53,False
Louis Clerc,noelallain@example.net,2016-11-21 14:38:58,Albanie,84,False
Michelle du Leduc,sylvie58@example.com,2015-08-10 04:14:38,Vatican (Etat du),13,False
Isabelle Royer,claudineaubry@example.com,2020-01-30 08:10:02,Estonie,32,False
Aurore Fischer du Bonnet,bretonfrederic@example.com,2016-12-31 20:24:34,Maldives (Îles),38,True
Matthieu du Ferrand,frederiquejean@example.org,2020-06-07 14:05:47,Émirats arabes unis,51,True
Odette Da Costa,ujourdan@example.net,2016-07-14 05:57:50,Venezuela,44,False
Roland Colin,daniel02@example.com,2016-08-30 16:22:08,Honduras,5,True
Émilie Bonneau,techervirginie@example.org,2024-09-23 00:04:25,Kazakhstan,8,False
Édouard de la Lagarde,jourdanisaac@example.net,2022-08-22 10:07:54,Mauritanie,4,True
Alex Martinez,bertrand66@example.net,2020-01-10 15:04:49,Irak,15,False
Roland Lambert-Leduc,vincenthenri@example.org,2015-07-04 04:26:44,Guinée,82,True
Sabine Vasseur,grostimothee@example.org,2022-10-05 13:53:40,Gabon,58,False
Luc Hervé,gilletremy@example.net,2023-04-09 20:58:45,Nepal,47,False
Alexandre Barthelemy,colinjeanne@example.net,2023-06-17 12:13:08,Finlande,76,False
Franck Lemaire,hebertgenevieve@example.com,2019-11-02 03:07:46,Samoa,16,True
Bertrand Le Berthelot,davidbertin@example.com,2019-05-13 08:06:50,Chine (Rép. pop.),39,True
Éric Carpentier,zoerobin@example.net,2021-06-22 08:21:09,Kiribati,4,False
Aimée de Dijoux,uberthelot@example.com,2015-10-19 03:02:45,Brésil,74,False
Nathalie Hardy,smartineau@example.net,2024-06-02 17:12:28,Micronésie (États fédérés de),6,True
Clémence-Françoise Klein,boulayvictor@example.org,2024-04-06 06:24:47,Libéria,59,True
Joseph Pottier,morenohenri@example.net,2016-09-10 09:44:11,Lithuanie,81,True
Laurent-Olivier Delahaye,rene33@example.org,2018-12-02 22:35:13,Gambie,4,False
Arthur Georges,humbertsusan@example.org,2020-06-05 03:38:32,Svalbard et Jan Mayen (Îles),78,False
Marcel Bodin,colinelisabeth@example.org,2018-02-07 15:53:39,Canada,28,True
Rémy Lebon,hoareaumartine@example.com,2022-08-04 08:19:22,Corée du Nord,99,False
Matthieu-Adrien Guilbert,ugregoire@example.org,2021-12-15 08:18:22,Mozambique,76,False
Marc Bouvet,claudine82@example.org,2019-06-30 18:40:59,Cap Vert,63,False
Marc Guillou,paulettemeunier@example.com,2023-10-24 06:41:09,Érythrée,18,False
Audrey Charles,qweber@example.org,2015-10-16 13:12:10,Falkland (Île),49,False
Maryse Vaillant,josette18@example.net,2017-11-26 07:11:44,Niger,70,True
Olivie Buisson-Toussaint,aurelie70@example.net,2017-07-24 06:12:37,Pérou,2,False
Jacques Vasseur-Potier,guillaume64@example.net,2016-02-07 13:56:13,Brunei,52,False
Alfred Blanchet-Jacquet,benoitagnes@example.net,2018-04-09 06:13:21,Nouvelle-Zélande,63,True
Léon Cousin-Jourdan,lambertraymond@example.org,2020-06-22 17:28:53,Paraguay,50,True
Roger Dupuis,claudine99@example.net,2016-04-12 03:55:53,Burkina Faso,4,False
Thomas Pineau,laure51@example.com,2018-03-01 02:31:57,Uruguay,63,True
Maurice Lelièvre-Normand,leroymargaux@example.org,2019-11-16 09:14:50,Kazakhstan,58,True
Isaac de la Reynaud,egrenier@example.com,2016-11-08 01:43:54,Somalie,70,True
Anastasie Leroux,fredericvallee@example.org,2024-07-17 20:22:24,Panama,14,False
Véronique Hervé,pauline26@example.net,2024-06-16 04:54:52,Kazakhstan,96,True
Alexandre Hoareau du Lecomte,rousseausebastien@example.com,2021-05-21 12:09:11,Guam,57,False
Corinne Bertin Le Bodin,mathilde12@example.org,2020-07-02 21:20:06,Bahamas,24,False
David Guyon-Baron,dblanc@example.org,2022-06-18 00:29:52,Myanmar,60,False
Lorraine-Valentine Sanchez,normandcolette@example.com,2019-07-13 14:22:12,Papouasie-Nouvelle-Guinée,40,True
Arthur Charpentier,josette37@example.org,2024-06-16 13:48:52,Macau,51,False
Gérard Fernandez,ribeirojuliette@example.com,2024-02-27 01:51:49,Togo,28,True
Françoise Bruneau,gbourdon@example.org,2024-05-12 11:47:07,Argentine,33,True
Victor Muller,alix55@example.net,2021-07-07 09:11:33,Polynésie française,16,True
Luc Seguin,payethugues@example.net,2022-07-21 21:46:32,Trinité et Tobago,8,True
Colette Michel,qmaurice@example.org,2020-09-09 13:35:26,Vanuatu,24,False
Daniel Neveu,tgautier@example.net,2023-02-21 19:22:56,Svalbard et Jan Mayen (Îles),5,False
Céline-Bernadette Martinez,patrickda-silva@example.org,2019-05-07 03:14:19,Sainte Hélène,40,False
Grégoire Costa,diane02@example.net,2022-01-30 06:29:24,Turquie,74,True
Christine Lacroix,moulinchristophe@example.org,2021-08-21 16:40:06,Italie,16,False
Nathalie Bouchet,georges11@example.com,2020-05-08 11:26:22,Jordanie,15,False
Léon Rocher,margaudgimenez@example.net,2021-08-13 15:22:12,Saint-Kitts et Nevis,100,True
Thibault Grondin-Guichard,suzanne48@example.net,2023-04-11 09:20:00,Philippines,19,True
Sébastien Georges,ybonneau@example.com,2016-09-08 05:03:44,Autriche,10,False
Richard Merle,christophefabre@example.net,2022-06-04 16:08:26,Cambodge,57,True
Pierre Blanchet,madeleine62@example.org,2018-04-05 02:26:12,Qatar,78,True
Lucy-Luce Thibault,diazvalerie@example.net,2023-01-13 18:26:52,Saint Vincent et les Grenadines,78,True
Gilbert Hamel,thibaultlevy@example.com,2022-04-23 08:31:12,Autriche,57,True
Denis Lévêque du Perrin,tristanbrunel@example.net,2020-09-11 01:34:15,Martinique,13,False
Jérôme Jacquot de Hervé,brigittepons@example.net,2019-09-07 03:16:06,Belize,34,True
Benoît Guyot-Fernandez,thierryjerome@example.com,2022-06-14 21:31:33,Émirats arabes unis,19,False
Honoré Jean,charpentiercharlotte@example.org,2024-10-15 11:00:46,États-Unis,86,False
Philippe Lévêque,sebastien08@example.net,2025-05-12 18:33:48,Zimbabwe,1,False
Olivier Masson du Paul,fklein@example.com,2017-10-27 13:38:02,Sri Lanka,53,True
Inès Hardy Le Fernandes,marycecile@example.net,2018-03-21 13:47:45,Antigua et Barbuda,98,False
Théodore-Bertrand Meyer,acollin@example.org,2021-08-12 09:01:09,Espagne,13,True
Étienne Hubert,monnieradrien@example.org,2017-01-27 01:34:45,Danemark,96,True
Gilbert Thierry,marc70@example.net,2020-07-19 16:40:13,Heard et McDonald (Îles),3,False
Brigitte Giraud-Bazin,lebrunemmanuel@example.com,2016-12-22 00:37:57,Namibie,51,True
Marthe Dijoux,paulinebesnard@example.com,2015-11-07 01:40:30,Somalie,71,False
Eugène Diaz,kblanc@example.org,2021-01-19 05:46:36,Kiribati,5,False
Rémy de la Blanchet,gimenezsimone@example.org,2022-03-11 09:48:08,Érythrée,6,True
Patrick Dupré Le Martineau,lorraine14@example.net,2024-09-04 16:36:26,Zaïre,63,True
Nathalie-Adrienne Marie,rgaillard@example.com,2024-01-20 03:41:33,Arabie saoudite,67,True
Olivie de la Morel,lucasleroy@example.com,2020-11-05 13:23:38,Israël,51,True
Alex Schmitt,fleurymathilde@example.org,2018-07-24 16:44:24,Ouganda,86,False
Lorraine Wagner,hpeltier@example.com,2016-06-08 16:38:47,Bangladesh,84,True
Henri Masse,renardnicole@example.net,2018-10-25 17:29:11,Croatie,74,True
Eugène David,itorres@example.com,2019-02-17 16:21:44,Nauru,77,True
Émilie Gosselin,tessiermanon@example.com,2018-03-27 05:10:24,Cook (Îles),28,True
Roland Lefebvre,fredericlamy@example.org,2017-02-15 22:11:45,Andorre,71,False
Virginie-Camille Dumont,alexandriagermain@example.com,2019-10-05 17:01:42,Burkina Faso,30,False
Claudine Blin,uhamel@example.com,2024-10-03 16:27:51,Cayman (Îles),89,True
Joseph Bernier,leonroy@example.org,2022-06-14 23:08:14,Nicaragua,16,False
Zacharie Lefèvre-Huet,thomasolivie@example.net,2024-08-12 01:15:34,Australie,21,False
Benjamin Barre,omartinez@example.org,2020-04-13 16:36:55,Grenade,57,False
Josette Buisson,zledoux@example.org,2020-12-29 06:22:19,Afghanistan,31,True
Michelle Tessier,pasquierzacharie@example.net,2024-04-07 19:01:48,Géorgie,35,True
Martine de Imbert,stephane75@example.net,2023-09-29 05:25:57,Réunion (La),45,False
Honoré Sanchez,nathaliejean@example.org,2020-02-11 14:38:25,République Dominicaine,38,False
Martin de Langlois,bodinjeannine@example.org,2021-12-01 08:16:06,Grenade,62,False
Patrick Lacombe,victorboulay@example.org,2020-03-23 08:41:12,Paraguay,75,False
Clémence Roy,louise29@example.com,2024-03-17 08:18:29,Égypte,72,False
Adrien Mercier-Vidal,xcolas@example.net,2024-05-16 18:33:50,Maurice,10,False
William Gérard-Parent,sebastiengaillard@example.net,2018-06-03 01:52:55,Tadjikistan,40,True
Jules-Benoît Barthelemy,zmoreau@example.net,2022-07-11 14:14:09,Thailande,5,True
Françoise Costa,nhebert@example.net,2021-09-11 05:42:54,Saint Pierre et Miquelon,40,True
Patricia Brunet,michelle36@example.org,2017-04-19 11:11:42,El Salvador,14,True
Frédéric-Georges Barbe,margaret49@example.net,2017-03-12 23:42:38,Danemark,54,True
Claudine Jean,adelaide32@example.net,2021-07-29 13:51:51,Taiwan,88,True
Arthur Ollivier,gilletelisabeth@example.net,2024-12-26 09:16:53,Maurice,35,False
Arnaude Poirier,martinefernandez@example.net,2023-01-21 01:38:18,Rép. Dém. du Congo,67,False
Lucie Boyer,nath17@example.com,2018-08-28 23:45:15,Mauritanie,12,True
Philippe Bertrand,maryse12@example.com,2015-12-15 20:51:35,"Corée, Sud",18,False
Manon Seguin,sophiemuller@example.org,2023-11-16 06:05:13,Géorgie,57,False
Théodore Rey,simone18@example.net,2022-04-20 17:12:24,Algérie,63,False
Véronique Aubert,thomasleon@example.org,2019-08-30 21:03:40,Vanuatu,70,False
Alexandrie Maury,josephine03@example.org,2020-08-29 08:05:16,Sahara Occidental,17,False
Guillaume Monnier,alexandria92@example.org,2021-11-08 11:57:22,Guadeloupe,40,False
Sabine Dupuy-Sanchez,yguerin@example.org,2019-09-16 11:49:47,Cameroun,37,False
Claire Guillet de la Dijoux,noemibernard@example.com,2017-08-09 01:33:14,Bangladesh,2,False
Marianne Fleury-Arnaud,lecontenathalie@example.org,2017-07-26 14:34:30,Iran,80,True
Daniel Lemaire-Gomez,marchalbernard@example.net,2015-12-01 09:30:47,Norvège,3,True
Anastasie Ollivier,carremargaux@example.org,2016-02-06 03:14:37,Maldives (Îles),91,False
Aimée Lopez,ndelahaye@example.net,2016-10-21 22:15:31,Algérie,24,True
Virginie Tessier,mahefrancois@example.com,2022-09-21 03:27:03,Bangladesh,7,False
Pauline Navarro,charrierconstance@example.com,2021-11-28 21:23:32,Taiwan,63,True
Susanne Ollivier-Reynaud,cohenalice@example.com,2019-01-27 16:49:36,Cayman (Îles),57,False
Lucy Martin,qcharpentier@example.net,2022-02-11 09:51:23,Belize,12,True
Andrée Masson,guylaine@example.org,2015-12-24 15:47:10,Sri Lanka,42,True
Guillaume-Tristan Carlier,davidlucy@example.com,2020-01-24 13:35:53,Guyane française,75,True
Thérèse Gallet,jolyhenri@example.com,2017-02-06 11:45:24,Antilles néerlandaises,21,True
Tristan Gomes du Philippe,dianepetitjean@example.com,2016-11-01 09:30:05,Pologne,40,False
Sabine Munoz-Bruneau,pineauxavier@example.net,2018-07-14 04:53:55,Gabon,96,True
Marc de Boulanger,rchretien@example.net,2023-05-22 04:47:30,Laos,67,False
Luc Colas de Chevalier,aimeboulanger@example.com,2017-06-26 09:50:06,Bouvet (Îles),21,True
Brigitte Raymond,tmorel@example.net,2016-02-14 05:44:11,Afghanistan,11,True
Adélaïde Aubert Le Petit,cfernandes@example.net,2016-08-05 16:09:11,Islande,8,False
Gilles Bonnet,agnesroche@example.com,2020-05-15 17:30:36,Guam,50,True
Christine Blanc Le Lacombe,chantalriou@example.net,2018-06-11 04:08:49,Roumanie,77,False
Corinne Imbert,coulonarthur@example.com,2024-04-10 05:43:39,Gambie,89,True
Julien Moulin Le Meunier,simone62@example.com,2024-01-27 18:00:12,Bhoutan,20,False
Suzanne Thierry,wmonnier@example.com,2022-09-03 08:36:27,Portugal,10,False
Inès Daniel,morelluc@example.com,2020-10-13 04:43:51,Namibie,100,True
Anastasie-Élisabeth Imbert,andreluce@example.com,2016-01-20 22:44:30,Guatemala,44,False
Isaac Langlois de Bonnin,thibauttanguy@example.net,2016-04-12 08:43:58,El Salvador,95,False
Antoinette Teixeira,marcelallain@example.com,2020-05-16 05:53:19,Bermudes (Les),72,True
Henriette Hebert,chauveaucaroline@example.org,2022-03-20 09:04:22,Papouasie-Nouvelle-Guinée,58,False
Susanne Baudry de la Fischer,maryseseguin@example.org,2024-12-13 01:58:26,Monaco,60,False
Marthe Lemoine Le Lecoq,glebon@example.org,2024-05-22 23:43:43,Nicaragua,81,False
Marianne Noël,gregoireleleu@example.com,2024-12-22 17:14:47,Zaïre,6,False
Christophe Payet,xleveque@example.net,2020-06-11 17:33:31,Malaisie,78,False
Timothée Marchand-Martineau,vasseurjean@example.org,2021-12-12 20:15:08,Sainte Hélène,96,False
Maryse de Pires,colasmarcelle@example.net,2023-04-03 03:34:57,Botswana,38,True
Inès Gallet,wgilles@example.com,2019-11-13 07:19:36,Royaume-Uni,38,False
Victor-Gilles Simon,lefevreagnes@example.com,2023-12-15 17:38:52,Singapour,36,False
Paul Pichon,brocher@example.com,2015-08-22 16:30:38,Christmas (Île),31,True
Michèle Klein,josephine57@example.com,2017-09-11 22:23:19,Mali,15,True
Étienne Gallet de Bruneau,omichel@example.org,2019-02-28 16:00:05,Bahamas,79,True
Virginie Roux,uda-silva@example.net,2020-09-08 15:21:17,Réunion (La),20,True
Pauline Nguyen,gonzaleztristan@example.net,2016-08-16 00:40:46,Tanzanie,73,False
Grégoire Coste,lebongabriel@example.net,2022-03-19 22:13:08,Falkland (Île),80,False
Nicolas Moulin,ericledoux@example.org,2021-05-17 21:46:39,Oman,31,True
Pierre Mahe,david81@example.com,2018-06-29 14:18:07,Ukraine,5,False
Alphonse Petit,gregoire15@example.com,2024-04-28 22:06:56,Cambodge,51,True
Jean de la Guyot,genevievecoulon@example.org,2017-11-17 12:46:26,Venezuela,56,False
Maggie de Hardy,ybarre@example.com,2025-02-22 02:51:16,Israël,57,True
André Roussel,gabriellebertin@example.org,2021-12-06 17:09:15,Russie,32,True
Bernadette Dumas,raymond07@example.net,2018-10-21 12:36:48,Guinée-Bissau,29,True
Xavier Marie,guyotgenevieve@example.com,2019-07-21 02:55:10,Chine (Rép. pop.),62,False
Constance-Lucie Menard,ferreiramichelle@example.com,2019-09-04 07:45:04,"Corée, Sud",52,True
Stéphanie Guillot,patriciarousseau@example.net,2018-04-02 08:46:13,Rép. Dém. du Congo,65,True
Éric Pereira,odufour@example.com,2022-09-16 12:00:42,Égypte,53,False
Sébastien Brun,denisnormand@example.com,2017-10-26 06:36:47,São Tomé et Príncipe (Rép.),70,False
Zoé Roy,etienneguibert@example.com,2018-12-22 19:30:50,Équateur,4,True
Adrien Rodrigues,picardjerome@example.net,2017-04-09 03:09:58,Pérou,10,False
Vincent Descamps du Royer,nicolaslesage@example.org,2019-04-11 00:55:34,Nepal,38,True
Luc Charpentier,nguyengabrielle@example.net,2020-06-17 03:08:22,Tunisie,80,False
Michel-Jules Moreno,celinalegros@example.org,2018-05-28 17:00:33,Îles Mineures Éloignées des États-Unis,45,True
Hugues Maillet de la Boulay,suzanne80@example.net,2024-10-20 04:32:44,Chili,58,True
Océane Mace,guillaumejulien@example.net,2019-02-16 17:09:49,Swaziland,47,False
Roger Lévy,nathaliecordier@example.com,2016-10-22 09:26:41,Jamaïque,30,True
Henriette Moulin,bcollin@example.com,2017-07-09 12:55:44,Marshall (Îles),69,False
Joseph Wagner de la Martinez,louis29@example.net,2016-02-14 01:54:21,Suède,82,False
Bernard Fischer,jdijoux@example.com,2015-11-29 22:02:22,Géorgie,84,False
Édouard Bailly,arthurriviere@example.org,2015-06-30 01:18:57,Timor,85,True
Marcel Marion,yfabre@example.net,2017-08-30 10:46:56,Suisse,48,False
David Morvan,constancechauveau@example.com,2019-03-19 17:01:53,Mexique,47,True
Sabine Perez-Carpentier,martineaufrancois@example.com,2023-10-29 11:12:45,Ukraine,2,False
Rémy Bourdon,xavier04@example.com,2022-01-04 20:53:35,Estonie,18,True
Gabrielle Lecomte Le Millet,marcel67@example.net,2016-01-16 07:12:10,Sainte Hélène,16,True
Denis Pons,legendreeleonore@example.com,2023-06-03 17:23:45,Lithuanie,18,False
Richard Payet,benjamin63@example.org,2024-10-07 13:51:46,Bouvet (Îles),73,True
Chantal Guyon,thibautrousset@example.com,2023-11-21 05:27:49,Tokelau,20,True
Noémi Laporte,josephfouquet@example.net,2019-08-20 07:14:58,Israël,28,False
Hélène Rousset,piresalice@example.com,2016-08-17 01:25:05,Islande,83,False
Colette Petit,ptessier@example.com,2020-07-10 05:32:52,Bahamas,72,True
Maryse Colas,oberthelot@example.org,2023-07-13 18:48:15,Malte,61,True
Joséphine Chauvet,tmarty@example.org,2016-08-25 19:18:38,Portugal,42,False
Benjamin Alves-Marie,celine27@example.org,2023-03-17 06:56:25,Cap Vert,66,True
Jacqueline Clerc,ntorres@example.net,2016-08-23 12:55:57,Irlande,2,True
Robert-Henri Giraud,blancsimone@example.com,2021-07-24 06:38:54,Botswana,79,True
Nathalie Lecoq,zpascal@example.net,2015-09-08 23:06:19,Antilles néerlandaises,29,False
Céline Weiss Le Mendès,moniquemoulin@example.net,2015-06-12 16:31:21,Indonésie,42,True
Andrée Briand,emiliegautier@example.org,2025-05-27 04:56:02,Burundi,81,True
Étienne Schneider-Dufour,francoisdelannoy@example.com,2016-01-27 20:05:00,Heard et McDonald (Îles),79,False
Michel Berthelot,alexandre29@example.net,2022-03-22 08:39:31,Ouzbékistan,28,True
Aimé Dos Santos,qboulay@example.net,2022-01-25 03:11:27,Saint-Marin (Rép. de),59,False
Anastasie Carpentier,martinnoel@example.com,2017-03-26 18:02:22,Ouzbékistan,47,False
Honoré Lemaître,rousselalex@example.net,2021-10-28 20:05:27,Hongrie,9,True
Valérie Hubert,dlemaire@example.com,2023-11-24 09:41:33,République centrafricaine,13,True
Guy Chevalier,praynaud@example.org,2017-01-17 19:49:49,Cuba,74,True
Robert Duval de la Leclerc,clemencelebon@example.net,2017-06-17 04:33:32,République tchèque,1,False
Antoinette de la Hamon,ipereira@example.com,2020-02-20 07:24:31,Israël,13,False
Astrid-Martine Henry,robertmaggie@example.net,2016-06-13 23:24:55,Turkménistan,71,False
Léon Thomas,nathalie04@example.net,2015-10-06 16:21:29,Pays-Bas,37,False
Manon Merle,jeromefoucher@example.net,2024-10-31 10:25:33,Brésil,82,True
Nicolas Rodriguez,fmoulin@example.com,2020-10-26 11:31:42,Géorgie,55,False
Astrid Marion-Coste,schmittines@example.com,2021-08-05 20:01:12,Azerbaïdjan,51,True
Sophie Coulon,robertgaillard@example.com,2022-08-15 02:06:17,Allemagne,44,True
Isaac Martineau,mailletbernard@example.net,2025-03-08 20:20:46,Lesotho,24,False
Sylvie Gomes,boulangergabrielle@example.org,2024-02-29 12:53:50,Afghanistan,3,False
Pierre Boucher,parisveronique@example.com,2016-02-12 19:59:49,Hongrie,29,False
Dorothée Hernandez,hubertalfred@example.org,2023-06-16 21:36:23,Émirats arabes unis,8,False
Antoinette Descamps de Sauvage,lainelucie@example.net,2022-07-09 18:20:28,Maroc,81,True
Sébastien Lemaître-Lebreton,micheldelahaye@example.net,2023-07-17 14:37:30,Afrique du sud,17,True
Alphonse Traore,mullersylvie@example.net,2023-02-14 06:01:51,Kenya,20,False
Manon Lévêque,fabrealphonse@example.org,2018-01-14 11:28:24,Turkménistan,21,False
Paulette Morin,roytherese@example.net,2020-02-05 13:02:02,Hong Kong,55,False
Denis-Théophile Navarro,boutinmatthieu@example.net,2025-02-16 08:58:56,Grèce,70,False
Sylvie-Patricia Lambert,celina34@example.org,2024-04-20 04:42:37,Maroc,14,False
Lorraine Poirier,louis72@example.net,2017-04-27 12:23:28,Niue,57,False
Nicole Faivre,jacques57@example.com,2025-03-23 10:18:45,Porto Rico,36,False
Corinne Fouquet-Sauvage,deschampsmanon@example.org,2023-08-13 03:34:39,Côte d'Ivoire,94,False
Margaret Monnier-Bertrand,tgrenier@example.com,2020-05-13 16:37:01,Territoires français du sud,11,True
Marine Perrier,nath33@example.net,2016-03-10 13:48:24,Tonga,28,True
Inès de la Raynaud,manonlopez@example.org,2017-04-15 17:38:56,Royaume-Uni,79,True
Pierre Pichon,nathalie52@example.com,2018-02-14 07:11:00,Yemen,87,True
Nathalie du Guilbert,roland18@example.com,2023-07-18 08:27:28,Somalie,38,False
Charles Masse,lenoirfrancoise@example.org,2016-01-31 08:24:24,Somalie,5,True
Alexandria Grégoire,mathieuvictor@example.net,2019-04-30 15:32:39,Égypte,82,True
Auguste Hernandez-Alves,brunauguste@example.org,2019-08-21 06:25:16,Israël,67,False
Diane Lévêque Le Philippe,palbert@example.org,2015-10-11 12:22:39,Nauru,51,False
Henri Bouchet,lefortclemence@example.org,2023-05-20 23:12:13,Namibie,21,False
Michelle de Chauvet,victorchretien@example.net,2018-05-24 13:53:45,Pitcairn (Îles),76,False
Léon du Merle,rguillet@example.net,2018-05-10 06:22:35,Canada,61,True
Louis Coste,perrinsebastien@example.com,2023-03-02 02:01:07,Mayotte,95,True
Aimée François-Collet,dupuismarianne@example.net,2017-09-14 11:49:07,Martinique,34,True
Gilbert Joubert,evrardgerard@example.net,2022-08-12 12:49:18,Mariannes du Nord (Îles),43,True
Anouk Lelièvre,cohenfranck@example.com,2020-07-20 20:16:17,Cambodge,60,False
Matthieu Regnier,tlaunay@example.net,2024-07-04 04:16:43,Estonie,87,False
Matthieu Auger,raubert@example.com,2018-04-09 12:37:22,Guadeloupe,90,False
Olivier-Paul Tessier,martinshenri@example.net,2018-04-17 15:56:56,Mali,50,False
Clémence Bonnin,maillardjosette@example.com,2018-10-25 14:57:01,Falkland (Île),67,True
Michèle Bernard,ublanchet@example.net,2021-11-21 22:00:39,Porto Rico,49,False
Pénélope de la Weiss,alexandriejacquet@example.net,2015-12-21 03:16:01,Bhoutan,12,True
Zoé Godard,laurencelefebvre@example.org,2022-05-05 19:12:22,Martinique,92,True
Richard-Daniel Neveu,gjacques@example.org,2016-08-30 01:35:40,Cook (Îles),2,True
William Dos Santos,alexandriadaniel@example.org,2023-06-08 08:18:50,Tokelau,7,False
Richard Bruneau de la Gautier,eugenehernandez@example.net,2023-02-03 11:57:59,Australie,15,True
Alphonse-Bertrand Picard,christophebertin@example.org,2018-10-08 16:46:04,Bosnie-Herzégovine,52,True
Léon Garcia,edouarddelaunay@example.org,2020-09-24 22:57:28,États-Unis,65,True
Alfred Prévost,vguichard@example.net,2023-08-22 04:50:59,Kiribati,2,False
Jeanne Jacob Le Guillaume,remyrenee@example.net,2019-02-01 16:35:13,Dominique,43,True
Hugues Rodriguez,npinto@example.com,2022-08-13 05:11:53,Madagascar,33,True
Frédéric Collet,josephguy@example.com,2020-06-25 04:48:28,Brunei,7,True
Alexandrie Masson,courtoisauguste@example.com,2015-06-28 17:57:49,Tadjikistan,14,False
Stéphanie Robin,loiseaufrancois@example.com,2017-06-23 17:30:10,Guyane,56,True
Bertrand de Michaud,vincentchauveau@example.org,2020-04-28 06:23:21,Bermudes (Les),24,True
Alphonse-Zacharie Rémy,epottier@example.net,2021-08-25 00:56:02,Bahrain,55,False
Élise Thierry,tguichard@example.com,2020-11-15 19:06:40,Sainte Lucie,95,True
Xavier-Vincent Fischer,catherine53@example.org,2018-03-29 02:03:21,La Barbad,93,False
Vincent Colin,mathieuaimee@example.net,2018-05-14 07:14:40,Afrique du sud,4,True
Alexandre du Durand,legrosolivie@example.org,2017-09-01 15:31:54,Benin,21,True
Lorraine Carpentier,cschneider@example.net,2019-01-25 18:32:56,Porto Rico,46,True
Christiane de Perez,blanchetpauline@example.net,2016-05-06 22:52:26,Guadeloupe,13,True
Philippine Daniel,victor71@example.com,2020-04-22 23:30:39,Mariannes du Nord (Îles),84,True
Nicole-Audrey Vidal,bertranddupont@example.org,2024-12-03 10:20:38,"Corée, Sud",82,True
Alex Dupuy de Poulain,mpoulain@example.org,2025-06-15 19:31:29,Lithuanie,1,True
Daniel Martel,schneidersusan@example.com,2016-08-24 12:21:23,Royaume-Uni,89,False
René Mary,michelle03@example.org,2023-06-03 15:07:31,Équateur,57,True
Alphonse-Jérôme Carlier,noelgomes@example.org,2020-07-08 17:46:03,Féroé (Îles),62,False
Océane Delattre-Aubert,morvanalix@example.org,2024-03-31 02:14:07,Syrie,73,False
Bernard Peron,victor18@example.net,2020-07-18 07:05:09,Benin,2,False
Adrienne Rey,richardyves@example.com,2015-06-01 08:08:54,Maurice,28,True
Charles du Coulon,hubertphilippine@example.com,2023-10-27 22:43:16,Guyane française,15,False
Marine Leconte,weberzoe@example.net,2022-01-30 05:11:38,Malaisie,96,False
Stéphanie Pinto,thibaultjoseph@example.org,2019-12-09 10:21:29,Guyane,78,True
Henri Diallo,tlejeune@example.org,2021-11-13 12:26:13,Azerbaïdjan,21,False
Jacqueline Gillet,victoire02@example.com,2025-01-06 17:12:04,Sainte Hélène,39,False
Denis Parent-Lemaître,catherinepasquier@example.org,2016-06-07 03:13:30,Cambodge,44,False
Martine Ramos,pierre52@example.net,2016-01-29 10:55:40,Nouvelle-Zélande,2,False
Stéphanie Brun du Guillet,martinmendes@example.com,2024-06-25 12:12:15,Saint Vincent et les Grenadines,70,False
Auguste David,lombardsusan@example.net,2020-08-28 17:11:58,Heard et McDonald (Îles),14,False
Aurélie Munoz,oramos@example.com,2016-08-06 00:37:28,Rép. Dém. du Congo,33,True
Honoré de Lambert,margot43@example.org,2023-08-30 11:12:48,Sainte Hélène,18,True
René Fernandez,rlenoir@example.net,2025-02-11 20:23:59,Algérie,87,False
Charles Torres,yvesrey@example.com,2015-10-04 17:10:54,Canada,41,False
Christine Wagner,wreynaud@example.net,2017-10-22 09:15:27,Mexique,25,True
Élodie Gilles,margaud68@example.com,2017-08-09 13:04:59,Christmas (Île),26,True
Nath de la Techer,xmartineau@example.org,2016-03-17 23:35:15,Yemen,40,False
Élise Lefèvre,daniellenoel@example.net,2018-05-24 18:17:50,Ghana,11,False
Timothée Rey,nlefevre@example.com,2017-12-26 15:33:11,Cambodge,97,False
Colette-Pauline François,roberttanguy@example.com,2017-12-24 05:16:01,Paraguay,67,True
Catherine Rousseau-Bailly,lefevretimothee@example.net,2021-09-09 07:36:15,Suède,44,True
Augustin Denis,lucbernier@example.com,2021-11-23 06:37:58,Nouvelle-Zélande,84,True
Alain-Gabriel Collet,royerleon@example.com,2024-04-18 17:37:17,Nepal,10,True
Émile Delorme,celinabonnin@example.net,2017-06-11 11:17:36,Réunion (La),71,False
Jérôme Martel-Fournier,astridhardy@example.com,2019-08-10 00:26:27,Liban,13,True
Guy Le Gosselin,parispaulette@example.com,2020-09-22 14:27:22,Guyane,73,True
Édouard-Gilbert Poulain,guymunoz@example.org,2023-08-09 08:51:12,Kiribati,43,True
Olivie Regnier,elodie39@example.org,2022-04-12 11:02:14,Qatar,48,True
Odette-Édith Hamel,loiseausuzanne@example.org,2019-06-14 19:20:49,Saint-Kitts et Nevis,45,False
Maurice Hervé,margaret85@example.com,2022-08-22 01:19:52,Canada,76,False
Alphonse Giraud,aimebousquet@example.org,2016-08-04 04:26:48,Sénégal,82,False
Madeleine Étienne,guyleconte@example.net,2023-08-24 04:58:22,Groenland,30,False
Xavier Guillot,lorrainechevalier@example.org,2022-02-09 08:26:46,Bangladesh,69,True
Mathilde de Dijoux,alex18@example.net,2023-06-10 16:06:23,Vierges britanniques (Îles),55,False
René Godard,rousseauwilliam@example.com,2019-11-18 18:04:01,Maldives (Îles),13,True
Georges Normand-Maurice,torrespenelope@example.com,2021-02-19 02:55:35,Gibraltar,68,False
Bernard Maillard,kdeschamps@example.org,2017-03-27 01:56:06,Liban,67,True
Dominique-Olivie Mahe,constancejacques@example.org,2017-06-11 17:27:16,Sahara Occidental,27,False
Alfred Lebon-Morin,xvaillant@example.net,2018-06-29 18:45:29,Yougoslavie,95,False
Hélène Lesage de Vallée,christophediallo@example.com,2021-11-18 06:59:57,Pologne,95,False
Thibault Lebon,martin49@example.com,2018-08-30 16:23:26,El Salvador,10,False
Robert Valentin,colette22@example.org,2016-06-26 14:15:43,Maldives (Îles),30,True
Guy Hervé,timothee42@example.net,2017-07-25 01:47:19,Koweit,99,True
Benoît Paris,weissanastasie@example.net,2017-08-03 14:24:23,Géorgie,43,False
Louise-Margot Voisin,hmorin@example.com,2021-04-21 14:34:30,Roumanie,72,False
Nicolas Arnaud,francoisedupre@example.org,2021-05-26 17:02:25,Mozambique,87,True
Noémi Grenier,reycamille@example.org,2023-02-05 01:26:04,Guinée Equatoriale,79,True
Alfred Clerc,jacobleon@example.org,2025-03-16 22:37:16,Cuba,80,False
Anastasie Lucas de la Benard,boyeryves@example.net,2023-06-06 15:44:27,Irlande,54,True
Adélaïde Pichon,qsamson@example.net,2024-04-24 19:23:50,Corée du Nord,72,True
Théophile Le Gall,imenard@example.net,2025-01-11 11:59:08,Panama,12,True
Martin Ferrand,mdelannoy@example.net,2016-03-27 05:57:24,Djibouti,2,False
Thierry Courtois,barondavid@example.net,2017-12-04 18:01:36,Benin,37,True
Monique Salmon,hortenseallard@example.com,2021-12-18 22:10:57,Macédoine du Nord,34,False
Alix Gomez,vbruneau@example.org,2025-04-01 13:44:43,Malte,17,True
Benjamin Baron,mariethibault@example.org,2017-12-04 11:21:30,États-Unis,5,True
Josette Blanc,menardsophie@example.com,2017-06-19 18:53:06,Irlande,88,True
Renée Diallo,marcel74@example.net,2022-03-20 04:44:13,Chili,30,True
Alain Sauvage,gerardgabriel@example.org,2018-08-08 22:58:02,Belgique,28,True
Patricia Pierre de la Germain,thomasklein@example.net,2023-11-08 14:34:48,Finlande,59,False
Frédéric Bernier,catherine22@example.com,2017-03-06 23:38:56,Libéria,3,False
Stéphanie Lebon-Masse,suzanneleclerc@example.org,2020-06-24 04:17:03,Macédoine du Nord,53,False
Édouard Gros,msauvage@example.org,2021-01-21 13:34:25,Tchad,61,True
Frédéric-Guy Mercier,loiseauadrien@example.net,2015-07-16 18:05:03,Yemen,51,False
Paulette Chevalier,laineaudrey@example.com,2023-10-21 16:31:10,Botswana,48,True
Simone Richard de Royer,zacharie90@example.org,2016-02-04 12:32:36,Samoa,87,False
Henriette Renard,xgilles@example.org,2019-03-28 00:57:22,Angola,13,True
Catherine Legros Le Blanchet,urobin@example.com,2017-11-30 09:59:18,Maroc,88,True
Stéphanie Delorme,manon04@example.org,2022-05-09 01:42:36,Antigua et Barbuda,39,False
Jérôme Guyot,dumontelodie@example.net,2020-09-07 23:29:47,Angola,49,False
Bernadette Robin,ledouxolivie@example.net,2024-03-07 05:35:50,Kenya,65,False
Alfred Gilles,thibautlopez@example.net,2024-10-17 02:21:41,Mali,74,True
Pauline Auger,margotchevallier@example.net,2015-06-13 05:23:37,République tchèque,84,False
Eugène Olivier,lvidal@example.net,2023-10-27 08:05:01,Irlande,52,False
Yves Gros,christellebodin@example.org,2023-11-29 00:54:08,Russie,98,False
Joseph de Michel,alfred99@example.com,2022-09-28 22:04:49,Pays-Bas,33,True
Martin-Xavier Olivier,ypereira@example.com,2017-04-03 07:23:23,Oman,80,False
Capucine Le Chevallier,clemencelebrun@example.com,2022-03-30 22:31:24,Maroc,74,True
Grégoire Gomez,ofaure@example.net,2020-08-12 13:16:11,Timor,66,False
Emmanuelle Dupuy,gayastrid@example.org,2020-04-13 22:35:07,Gabon,17,True
Luce-Margaret Dupuy,michelle62@example.net,2025-05-18 05:41:43,Comores,45,False
Élisabeth Robert,thierrydanielle@example.net,2022-06-25 01:22:11,Ghana,86,True
Madeleine Berthelot-Lopes,sraynaud@example.org,2024-08-18 15:12:00,Costa Rica,78,True
Guy Mace,dianebaron@example.org,2016-06-25 23:32:03,Libye,46,False
Guy Schmitt,adelaidelaporte@example.net,2023-11-17 10:21:51,Kirghizistan,48,False
Alexandria Imbert,anaisduhamel@example.org,2018-04-15 03:51:44,Macau,49,False
Thibaut Perez,eleonore60@example.com,2024-03-06 16:28:32,Samoa,78,True
Claudine Lucas,njourdan@example.org,2021-05-31 21:48:24,Groenland,95,False
Gabriel Renault,chantalgiraud@example.net,2015-06-02 11:05:26,Suriname,77,True
Alphonse Jourdan,kfouquet@example.com,2018-01-01 10:21:04,Suède,52,False
Éléonore-Simone Chartier,albertlucas@example.net,2016-08-03 11:17:40,Tokelau,73,False
Étienne Garnier,nperret@example.net,2024-01-28 09:52:33,Falkland (Île),84,True
Pénélope Joubert,sjoubert@example.org,2020-02-19 22:06:54,Belgique,96,True
Catherine Bourgeois,ilegros@example.net,2024-03-13 17:15:53,Turks et Caïques (Îles),55,True
Vincent-Martin Mary,astrid26@example.com,2017-08-19 14:50:55,Chine (Rép. pop.),45,True
Gabriel du Lemaire,croche@example.net,2018-05-27 19:30:39,Aruba,37,False
Stéphanie-Véronique Bègue,xbousquet@example.com,2020-04-17 05:55:21,Tanzanie,23,True
Nathalie Fernandez,avincent@example.org,2016-04-16 12:20:34,Sahara Occidental,77,True
Gabrielle Besnard-Andre,rlefort@example.com,2021-12-15 11:48:57,Fidji (République des),80,True
Laetitia Lecoq-Gonzalez,schneidersuzanne@example.org,2018-06-05 05:22:26,Hong Kong,74,True
Joseph Gilles-Thibault,christelle22@example.net,2023-12-15 16:41:08,Anguilla,29,True
Denis Bertin,hdiallo@example.com,2023-06-16 03:36:57,Pitcairn (Îles),33,False
Agathe Bouvier,gilles18@example.net,2023-10-24 12:27:14,Belize,90,False
Julien Coulon,pierre98@example.org,2015-11-23 04:04:24,Estonie,23,True
Tristan Lemaire du Pons,perezbenoit@example.net,2015-12-26 10:10:48,Croatie,68,True
Audrey Petitjean,jacquelineolivier@example.com,2019-04-29 08:39:11,Sahara Occidental,75,True
Gilbert Rivière,xthibault@example.net,2020-08-06 04:49:19,Kazakhstan,99,False
Luce Carpentier du Fabre,aurore67@example.com,2024-06-28 21:21:52,Cocos (Îles),77,True
Noël Lenoir-Perret,ttanguy@example.net,2018-08-10 03:19:04,Russie,31,True
Bertrand Garcia,tmoulin@example.net,2021-10-20 07:22:48,Espagne,31,False
Clémence Carre,mailletemile@example.com,2020-06-18 15:07:29,Timor,1,False
Charles Durand,henrygilbert@example.com,2020-02-23 21:21:42,Libye,62,True
Martine Pereira,adriennepetit@example.org,2023-11-09 23:48:24,Féroé (Îles),40,True
Benoît Fernandez,eleonore45@example.com,2023-01-17 18:22:58,Chili,89,False
Thibaut Humbert,franck85@example.com,2018-07-28 13:50:06,Malte,78,True
Margaud Lebrun,xfischer@example.com,2024-10-23 01:40:50,Honduras,37,False
William Schneider,peltierodette@example.com,2017-10-25 19:26:19,Ethiopie,23,True
Thomas du Mahe,fturpin@example.com,2015-08-01 21:53:59,République tchèque,5,False
Chantal de Hoareau,manongauthier@example.org,2019-12-11 09:40:06,Polynésie française,95,False
Frédérique Ramos,delattrezoe@example.net,2015-08-01 02:59:54,Tuvalu,63,False
Antoine Le Devaux,arthur03@example.net,2023-07-22 08:50:41,Saint Pierre et Miquelon,35,False
Camille Peron,dbertrand@example.com,2024-02-05 17:08:16,Philippines,18,True
Adrien Cousin,maceolivier@example.net,2019-11-04 06:04:50,Territoires français du sud,80,False
Adrienne Ledoux,regnieranne@example.org,2023-10-09 07:13:03,Saint-Marin (Rép. de),46,False
Michelle Legros,clairegosselin@example.org,2021-07-01 22:16:44,Lettonie,93,True
Gilbert Rolland,marcellemeunier@example.net,2023-07-30 15:43:41,Pologne,46,False
Michelle Chartier,blotwilliam@example.com,2023-03-17 04:45:46,Guam,58,False
Suzanne Pascal,augustinparis@example.com,2019-05-27 23:36:32,Moldavie,36,True
Dorothée Pascal,dlejeune@example.net,2018-04-29 22:18:51,Afrique du sud,18,False
André Maillard,massonanais@example.com,2016-01-25 18:46:50,Biélorussie,52,False
François Marchand,pbrun@example.org,2024-02-27 07:53:50,Botswana,12,False
Élodie Peron,omartinez@example.org,2024-01-02 03:14:03,Bulgarie,22,True
Bertrand Joubert,lucychartier@example.net,2015-07-06 06:38:11,Taiwan,69,True
Nicolas Gérard,duhamelgabrielle@example.org,2018-01-14 05:42:23,Ukraine,87,False
Louis Courtois de Chauvin,marinevalentin@example.com,2022-05-20 06:00:14,Maldives (Îles),85,True
Thibaut Maillard,michelmeunier@example.org,2019-02-03 19:57:56,Azerbaïdjan,62,False
Amélie Étienne,corinne77@example.org,2021-04-15 07:30:12,Tunisie,81,True
Martine Jacques,fouquetgerard@example.net,2024-02-11 16:40:12,Qatar,98,False
Rémy Fernandez,fmahe@example.com,2025-05-26 22:44:46,République Dominicaine,49,False
Caroline-Christine Ledoux,stephaneremy@example.org,2019-11-22 22:49:47,Jordanie,71,False
Zacharie Bègue,ramosrenee@example.org,2024-04-26 13:02:51,Australie,65,True
Jacques Parent de Fouquet,lucie09@example.org,2022-09-15 10:19:17,Soudan,47,False
Arthur Gay-Jourdan,prevostdavid@example.com,2022-10-05 21:20:43,Vierges (Îles),66,False
Diane Lebon,kleinsuzanne@example.com,2021-12-21 21:48:00,Bangladesh,60,False
Arthur Jacques,jacqueslemaire@example.net,2024-01-02 20:58:29,Mayotte,9,True
Anne-Pauline Joubert,herveastrid@example.net,2017-09-09 04:13:55,Sri Lanka,35,False
Geneviève Petit,mauricemendes@example.org,2025-03-03 09:32:30,Honduras,18,False
Élisabeth Meunier,alix82@example.com,2024-07-25 07:42:15,Libye,28,False
Michèle Lopes,labbedorothee@example.net,2022-12-16 09:08:48,Papouasie-Nouvelle-Guinée,62,True
Eugène Ledoux,seguinchristophe@example.org,2016-11-13 19:53:46,Cameroun,54,False
Alexandrie Martinez,gerardlaurent@example.net,2020-02-19 04:31:47,Andorre,59,True
François Pires,isabelle65@example.com,2019-09-26 22:54:13,Nicaragua,1,False
Louise-Susan Meunier,njourdan@example.com,2017-08-01 05:30:15,Seychelles,50,False
Auguste-Gérard Pelletier,julie56@example.org,2018-07-25 08:41:19,Nepal,90,False
Gérard Da Silva,thibaulthenriette@example.com,2018-12-16 10:59:21,Fidji (République des),62,True
Jean Charrier,neveulaurence@example.org,2025-04-02 21:19:09,Niue,98,True
Sylvie Vallet de Laroche,tallain@example.org,2023-04-06 19:33:11,Sri Lanka,20,False
Thérèse Perez,bertrand12@example.net,2022-06-10 10:23:38,Niue,44,True
Alix Marie,martin33@example.com,2024-03-23 12:17:11,Nouvelle Calédonie,97,False
Céline Royer,agathepires@example.net,2016-10-16 11:00:41,Soudan,34,False
Marc du Pinto,pfleury@example.com,2016-09-17 13:54:07,Soudan,48,True
Joséphine Blanc de la Voisin,le-gofflorraine@example.org,2016-11-24 23:01:25,Samoa,13,True
Benjamin Rocher,bferreira@example.net,2017-11-05 07:51:48,Christmas (Île),91,True
Paul Girard,colette41@example.net,2023-03-10 09:57:00,Mexique,9,True
Adrien de Martinez,arnaude82@example.net,2023-07-29 11:19:45,Thailande,53,False
Laurent Torres,mdubois@example.net,2015-12-16 12:04:08,Turks et Caïques (Îles),16,False
Guy Da Costa,robertjules@example.net,2022-11-23 12:05:26,Syrie,51,True
Daniel Leleu-Legendre,bodinsebastien@example.com,2016-08-01 09:27:13,Royaume-Uni,8,True
Aurélie de la Roche,paulnath@example.com,2018-09-04 03:48:23,Sri Lanka,77,True
Martin Buisson,elisabeth22@example.com,2017-09-10 06:18:44,Nauru,28,False
Noémi Teixeira,zmartineau@example.com,2023-11-18 09:00:05,Tanzanie,58,True
Marcel Camus,thierryblanc@example.org,2015-08-16 12:57:58,Géorgie,65,False
Laurent Ferreira,christelle87@example.org,2018-03-15 12:30:50,Ouzbékistan,33,False
Andrée Vasseur,mcharles@example.com,2019-04-02 19:11:05,Yougoslavie,57,True
Pauline Grégoire,tpires@example.net,2020-11-23 08:47:12,Canada,2,True
Maurice Raynaud,carpentierpatrick@example.net,2015-06-22 11:46:46,Angola,94,False
Alex Thomas,mahemartin@example.org,2019-06-27 15:15:39,"Corée, Sud",61,True
Julien Lacroix,goncalvesgilles@example.net,2019-07-31 17:21:47,Croatie,71,True
Arnaude Charrier,claude86@example.com,2016-09-18 01:05:48,Vierges britanniques (Îles),55,True
Adèle-Catherine Leclercq,erobert@example.net,2021-11-16 02:54:33,Kiribati,100,True
Zacharie Hamon,guydumas@example.com,2022-06-17 20:58:06,Vierges britanniques (Îles),27,True
Madeleine Le Vallée,martinxavier@example.com,2022-02-17 12:41:59,Singapour,48,True
Isaac Barbe de Peron,echarpentier@example.com,2016-06-24 11:33:23,Togo,12,False
Marc Le Perez,lesagejuliette@example.org,2025-05-19 14:10:26,Somalie,26,False
Paulette-Christiane Louis,thierry74@example.org,2024-12-21 21:44:11,Jordanie,8,True
Stéphane Le Charrier,pascalmarcelle@example.org,2018-10-20 11:29:28,Inde,90,False
William Hernandez,david31@example.org,2020-01-02 22:14:44,Vietnam,9,True
Frédéric-Henri Ruiz,pauletteleroy@example.com,2022-03-14 08:47:07,Brésil,72,False
Michel De Sousa,michelemarie@example.net,2020-11-24 14:40:23,Lesotho,74,False
Susan Hebert,constance27@example.org,2023-05-24 08:00:16,Oman,72,True
Alfred Neveu,wagnermargot@example.com,2020-03-12 10:40:58,Féroé (Îles),40,True
Anaïs Marin,ccordier@example.net,2020-04-06 00:54:43,Pitcairn (Îles),72,True
Vincent Ramos-Blanc,hrenard@example.com,2020-11-25 13:10:34,Singapour,11,False
Michel Courtois,merleolivie@example.com,2025-06-04 10:40:38,Tonga,88,False
Margaud Godard,laurence16@example.net,2017-02-13 01:22:09,Timor,22,False
Christine Alves,benoitsimone@example.com,2019-10-30 04:35:20,Albanie,80,True
Véronique Mallet,michelletraore@example.org,2022-05-12 13:37:30,Indonésie,28,True
Grégoire Bigot,stephane39@example.org,2019-01-27 23:20:16,Syrie,29,True
Emmanuelle de la Valentin,lopeslouise@example.com,2022-03-02 14:35:46,Bulgarie,39,False
Alain Masse,tdelaunay@example.com,2018-04-01 22:44:04,Saint Pierre et Miquelon,78,True
Alex Garcia-Guilbert,isabelleandre@example.org,2016-07-10 12:21:21,Kiribati,27,False
David Poulain,marc46@example.org,2021-02-11 16:17:11,Polynésie française,95,True
Claudine Coulon,fvalette@example.com,2021-08-09 13:52:09,Myanmar,77,True
Étienne Le Riou,laurent18@example.net,2019-06-07 21:34:59,Zaïre,43,True
Christophe Diaz,elisabethmaillet@example.net,2023-06-10 09:25:53,Tanzanie,28,True
André Perrier-Klein,isabellerocher@example.com,2020-12-07 01:16:55,Zaïre,36,False
Lucas Thomas,alix20@example.net,2021-04-25 15:19:00,Finlande,44,False
Henri du Chevalier,wlagarde@example.net,2023-07-14 22:49:03,Gambie,25,False
Lucas Foucher,valettemarie@example.net,2016-09-10 22:53:39,Finlande,56,False
Léon De Sousa,apicard@example.com,2020-11-28 10:32:26,Bangladesh,74,False
Océane Bernard,nicole14@example.com,2024-03-07 03:01:09,Myanmar,12,False
Colette Le Garnier,ramosvincent@example.net,2023-04-14 05:30:14,Liechtenstein,28,True
Océane Thomas,honoretorres@example.org,2021-11-02 08:35:56,Ethiopie,88,True
Marcelle Bouvet,pmarechal@example.org,2023-08-17 04:16:51,Tanzanie,84,True
Paul Le Boyer,aime81@example.org,2015-07-09 10:03:12,Géorgie du Sud et Sandwich du Sud (Îles),48,False
Céline Pereira,hgregoire@example.net,2020-09-02 10:27:12,Cambodge,20,True
Camille Baudry,menardgilbert@example.org,2018-09-10 11:58:52,Danemark,7,True
Aimé Dumont,laurenceleblanc@example.com,2020-09-20 12:39:16,Ethiopie,74,False
Maryse Chevalier,qdelaunay@example.net,2017-10-08 09:18:58,Rép. Dém. du Congo,16,True
Suzanne de Roger,michel58@example.org,2024-06-26 11:13:26,Kirghizistan,50,False
Thibault de la Coste,marcellegros@example.net,2021-02-02 06:02:23,Grèce,38,True
Laure Germain,lorrainealves@example.com,2024-12-01 07:05:00,Nepal,51,False
Geneviève Allain-Sauvage,victoire26@example.com,2015-11-18 10:55:35,Porto Rico,59,True
Nicolas Grenier de la Mary,louisemace@example.com,2017-02-25 22:48:05,Vanuatu,5,True
Charlotte Morel,suzanne72@example.com,2023-08-06 02:43:51,Belgique,14,False
Adrien Garcia-Rey,christiane43@example.net,2019-12-05 11:49:25,Maurice,1,False
Luc Camus,augustin15@example.org,2016-08-30 22:34:31,Costa Rica,76,True
Olivie-Jacqueline Ramos,dchauvet@example.com,2025-03-19 05:19:12,Groenland,98,False
Marianne Legendre,martelagnes@example.com,2019-11-17 02:35:00,Soudan,96,False
Édith Blanc Le Aubert,laurencedevaux@example.org,2015-12-25 06:46:43,Espagne,39,False
Antoine Martel,laurentcolette@example.net,2025-05-12 21:20:26,Anguilla,22,True
Sylvie de la Valentin,chauvetemile@example.net,2021-03-04 21:27:15,Liechtenstein,22,True
Laurent Guillot,danielleetienne@example.org,2016-10-19 05:11:55,La Barbad,16,False
Emmanuel Bousquet,bazinluc@example.net,2022-07-21 22:30:29,Égypte,68,True
Alfred Gaillard,alfred56@example.org,2021-01-31 04:19:52,Costa Rica,32,True
Geneviève Loiseau,nicoleriviere@example.com,2022-03-24 21:37:11,Biélorussie,62,False
Thibault du Leblanc,julietoussaint@example.org,2019-11-25 19:07:27,"Corée, Sud",60,False
Bernard Lambert,alecomte@example.org,2023-07-05 07:08:56,Niger,58,False
Michelle Simon,victoire59@example.org,2020-06-05 14:06:54,Mongolie,80,False
Honoré Gauthier,ucoulon@example.org,2020-08-23 06:54:50,Palau,49,False
Anastasie Nicolas-Grégoire,julienguillou@example.com,2017-05-25 17:27:29,Oman,92,True
Timothée Barbe du Torres,jeannine86@example.org,2018-01-26 01:27:19,Qatar,63,True
Anne Lévy,marcel23@example.org,2024-03-30 14:52:27,Costa Rica,31,True
Michelle Collet,jacqueline96@example.com,2019-08-10 16:40:36,Martinique,99,True
Renée Breton,legendrearthur@example.com,2017-04-07 18:05:07,Ouganda,27,False
Charles-Thierry Thomas,dumasphilippe@example.org,2018-04-30 10:35:25,Turkménistan,46,False
Capucine Brunet Le Mace,hmonnier@example.com,2023-10-18 03:04:55,Finlande,98,True
Gérard-Gérard Bernier,isabellemathieu@example.org,2023-05-12 14:53:42,Guyane française,79,True
Hugues Pineau,etiennemahe@example.org,2018-01-14 18:41:18,Kazakhstan,78,False
Manon Chauvin,tmonnier@example.com,2021-01-03 21:14:49,Afrique du sud,49,False
Émile-Léon Briand,fabrehortense@example.net,2023-04-02 03:37:29,Vierges (Îles),33,False
David Hardy,merleodette@example.org,2018-04-09 04:27:43,République tchèque,50,False
Isaac Gallet,noelramos@example.net,2025-03-27 15:24:34,Brunei,46,True
Bernard Le Huet,simone99@example.com,2020-09-10 11:32:37,Guinée-Bissau,30,True
Océane Toussaint du Rolland,josephinemarin@example.org,2025-03-24 16:59:31,Koweit,15,True
Bernard Bertin de Marchand,clemence28@example.org,2023-12-29 07:43:10,Chypre,7,True
Marie Aubert,patrickmarion@example.org,2020-12-21 13:06:55,Zambie,69,False
Théophile Faivre,huguesmorin@example.org,2021-10-12 03:09:30,Trinité et Tobago,61,True
Paulette Moulin,rbrunet@example.com,2020-07-06 08:20:59,Grèce,9,False
Joséphine Boulay,maryse01@example.org,2019-05-08 12:27:41,Polynésie française,1,True
Rémy Mathieu,bretonchristiane@example.net,2019-10-13 15:41:51,Hongrie,55,False
Jules Le Potier,massecharles@example.com,2020-03-30 17:50:12,Cameroun,15,False
Monique-Claude Perrier,anoukfournier@example.org,2015-07-02 10:31:25,Gibraltar,4,False
Victor Bertin,adriennedias@example.net,2020-09-30 20:43:17,Mali,12,False
Théophile de Valentin,ycharpentier@example.net,2017-03-27 11:37:11,Suède,26,True
Victoire Leduc,maurice32@example.org,2015-11-16 00:21:01,Benin,46,False
Marie Léger,honorebrunet@example.net,2022-10-21 18:08:24,Émirats arabes unis,78,False
Daniel Coste,gerardtecher@example.org,2016-11-23 20:41:02,Nouvelle Calédonie,79,False
Honoré Louis,michelle23@example.net,2016-08-15 06:59:11,Niger,66,False
Juliette Laroche,cschneider@example.org,2019-01-03 16:04:48,Vanuatu,62,True
Emmanuelle Pasquier Le Hamon,charrieralexandrie@example.net,2018-02-13 00:31:04,Uruguay,10,False
Antoinette Gros,bmorvan@example.net,2020-03-16 06:09:28,Fidji (République des),12,False
Christelle Dumont-Dias,catherinepicard@example.net,2018-09-28 23:13:48,Portugal,7,False
Philippe Moulin,allardeugene@example.org,2016-12-02 23:09:38,République tchèque,37,False
Guy Le Buisson,brunetetienne@example.org,2022-06-25 23:25:07,République tchèque,74,True
Christophe du Lecomte,martheimbert@example.net,2019-02-28 18:52:52,Yougoslavie,56,True
Gabriel-Thibaut Leclerc,marcelferrand@example.org,2017-07-30 17:22:10,Oman,67,True
Victor Devaux,rgarcia@example.com,2016-08-22 18:30:52,Yemen,32,True
Astrid Maurice,chauvetphilippe@example.com,2021-10-21 20:13:45,Palau,5,False
Augustin Reynaud-Lévêque,wle-goff@example.com,2024-06-01 07:43:21,Canada,64,False
Margaret-Danielle Loiseau,kbriand@example.org,2015-06-02 07:46:07,São Tomé et Príncipe (Rép.),20,True
Alix Lévêque,nicolas92@example.net,2025-04-04 06:55:58,Vietnam,5,True
Guy Lopes,alexandre79@example.net,2018-11-30 09:14:37,Japon,36,True
Yves-Tristan Marchand,iblondel@example.org,2023-11-06 14:21:31,Ukraine,30,False
François-Léon Chauveau,jean69@example.net,2023-12-15 18:10:49,Nepal,35,False
Thierry Carpentier de la Leclercq,christiane32@example.org,2016-03-17 16:26:51,Corée du Nord,64,True
Charlotte du Mendès,descampschristophe@example.com,2020-12-14 08:18:42,France,42,True
Georges Roux,luc70@example.org,2016-03-17 09:36:58,Suisse,6,True
Margaud de la Grégoire,omarechal@example.net,2018-06-30 07:32:34,Corée du Nord,69,True
Lucy-Véronique Bodin,charlesemile@example.com,2019-05-19 17:45:04,Uruguay,47,False
Marcel Jean,lucereynaud@example.com,2023-05-28 12:25:01,Indonésie,69,True
Xavier Vasseur,guillaume07@example.net,2016-05-24 10:09:58,Saint-Marin (Rép. de),47,True
Éléonore Costa,margotmunoz@example.net,2017-05-27 02:00:12,Guatemala,36,True
Christelle-Susanne Fouquet,margaret04@example.org,2022-02-16 20:50:07,Wallis et Futuna (Îles),38,True
Constance de la Rolland,christine43@example.com,2022-07-23 06:05:46,Micronésie (États fédérés de),88,True
René Cordier,auroremichaud@example.com,2022-11-25 12:27:33,Tadjikistan,84,True
Emmanuel Leduc-Bertrand,zoehernandez@example.com,2021-01-30 14:20:50,Pérou,29,False
Laure Besnard,briandnathalie@example.org,2017-05-01 07:55:26,Norfolk (Îles),13,True
David Mallet,ramoseleonore@example.com,2022-06-10 04:11:33,Norfolk (Îles),31,False
Zacharie Merle,emiliediaz@example.org,2015-12-02 20:11:29,Togo,98,False
Anaïs Lévêque,blinmargaud@example.org,2023-03-26 11:08:59,Djibouti,21,True
Victoire de Fontaine,broyer@example.net,2020-01-28 18:10:40,Andorre,82,False
Patrick Peltier,gillesmarion@example.com,2019-01-13 01:12:02,Maroc,87,False
Édouard Vallet,anastasie91@example.org,2021-10-09 22:20:31,Émirats arabes unis,91,False
Christophe-Matthieu Muller,francoislabbe@example.org,2019-12-30 17:33:28,Honduras,32,False
Philippe Rémy de la Verdier,guichardtimothee@example.net,2022-05-11 21:47:01,Guatemala,80,False
Cécile Coste,legendrehonore@example.org,2015-12-30 00:55:08,Panama,45,False
William Bousquet,suzanne06@example.org,2022-12-18 02:34:05,Cap Vert,30,True
Guillaume Le Boulay,nfournier@example.org,2015-11-11 14:41:04,Bouvet (Îles),60,True
Jacqueline Valette,xgermain@example.com,2020-02-02 04:32:38,Yemen,37,True
Hortense-Michelle Vallet,froger@example.org,2020-10-01 09:32:46,Ukraine,91,True
Thomas-Charles Coulon,gosselinremy@example.net,2022-05-09 02:03:33,Bulgarie,7,False
Julie Dias,michelle96@example.com,2022-03-14 06:41:18,Japon,49,False
Jérôme Moreno,zfernandes@example.net,2020-05-29 10:08:30,Équateur,88,False
Susan Duval,adrien88@example.net,2022-12-07 21:52:10,Burkina Faso,1,False
Pauline Martin,hmathieu@example.com,2021-12-24 08:29:00,Dominique,41,False
Franck Prévost,blouis@example.org,2025-03-29 18:15:48,Vietnam,97,False
Augustin Gomez,honore70@example.net,2023-01-03 15:59:25,Réunion (La),65,False
Yves Lemaître,honore47@example.org,2016-08-30 15:31:50,Myanmar,58,False
Thierry Aubert,dos-santosedouard@example.net,2021-02-28 10:44:02,Gambie,98,False
Jules Nguyen,chretienmarianne@example.com,2018-05-11 22:58:32,Macau,35,False
Franck Le Dumas,stephane48@example.com,2023-04-04 01:56:37,République centrafricaine,24,True
Michel-Sébastien Dumas,moulinstephane@example.com,2019-04-25 11:12:33,Svalbard et Jan Mayen (Îles),95,False
Luc Loiseau,kfontaine@example.org,2022-05-22 06:47:08,El Salvador,82,True
Sébastien Riou,sabine44@example.org,2021-10-12 05:39:03,Burkina Faso,86,False
Victoire Lopez,alexandria27@example.com,2022-02-10 04:30:15,France,54,True
Thibaut du Blanc,gabriellefebvre@example.com,2021-10-09 02:58:35,Nigeria,89,False
Alice Grenier,zachariedelannoy@example.com,2022-01-20 15:39:20,Irlande,23,False
Lucas Boucher,seguingenevieve@example.com,2021-10-31 03:59:14,Croatie,10,True
Gabriel Rolland,clemence33@example.net,2024-07-17 10:35:23,Laos,91,False
Alix Laine,thernandez@example.org,2024-08-14 11:59:21,Andorre,97,False
Claude Benard,xalbert@example.org,2020-06-26 14:45:19,Libye,33,False
Tristan Toussaint-Lenoir,rousselchristine@example.com,2022-02-22 16:05:35,Afrique du sud,81,False
Lorraine Vaillant,grosanouk@example.com,2023-08-08 12:16:38,Malawi,69,True
Dominique Seguin,blondelalexandria@example.net,2022-02-03 23:16:39,Macau,46,True
Véronique Lopez,hhoareau@example.org,2017-07-03 05:21:37,Norvège,28,False
Juliette Chauveau-Goncalves,inesdelahaye@example.net,2016-04-28 02:06:53,Corée du Nord,23,True
Renée Lebreton-Fischer,jeanne46@example.net,2024-07-20 04:00:19,Cook (Îles),96,False
Antoine Chauveau,guillouadrien@example.org,2015-06-09 15:58:17,Bangladesh,94,True
William du Daniel,colinhortense@example.com,2022-07-17 05:43:28,Chili,33,True
Marcel du Antoine,blondelcaroline@example.com,2023-04-01 22:39:25,Christmas (Île),36,False
Aurore Le Robert,jeandelattre@example.org,2018-12-23 13:12:45,Singapour,58,False
Jeanne-Christiane Schmitt,abrunet@example.net,2015-12-23 00:22:11,Équateur,8,False
Patrick Marie,celina72@example.net,2017-01-10 20:25:05,Nepal,15,False
Madeleine Poulain,joseph51@example.org,2022-09-09 01:58:53,Bangladesh,31,False
